id,title,text,label
848,小陈二三事,"她的个子不高，眼睛也不大，但是炯炯有神，那一单一双的眼皮儿显得她非常活泼，小麦色的皮肤显得她朝气蓬勃。没错，这就是我的朋友——小陈。
她是我们班的语文课代表。那天，她抱着语文作业从走廊快步走来，只听“啪”的一声，她将作业本放在了小帅同学的桌子上，眼神中充满着“杀气”。“小帅，你交天怎么又不交作业......”这就是她给我的第一印象，并不是很好。
换座位之后，我坐在了她的后面。“Hello！”她热情地跟我打了打招乎，跟我畅聊了起来。
我们聊着聊着，忽然激动地站了起来。
“你也喜欢画画啊！”“嘿嘿，是的。”我们发现了共同的爱好，聊地更欢了。经过了几天的相处，我们渐渐变成了无话不谈的好朋友，她不再是那个“凶巴巴”的女孩了，她成绩优异，性格开朗，阳光自信，是我学习的榜样和动力。
下课了，我们经常在一起玩耍、聊天。她很爱笑，跟她在一起，让我的学习生活增添了不少乐趣。她很热心，记得那次体育课上，我没有带跳绳，很多同学都不愿意借给我，我当时百般焦急，正当我不知道怎么办时，她来了，亲切的拍了拍我的臂膀：“怎么啦，愁眉苦脸的。”“我没带跳绳。”“那你怎么没问我借呢，跳绳给你。”她用调皮的语气说道。我连忙道谢，她并没有向其它人一样坐视不管，她很关心我，平时，遇到我不会做的题目，她会一遍遍耐心的教我，上课时，老师点我回答问题，她也总会默默提醒我，前两天我感冒了，也是在她的关心下才渐渐好起来......这就是我的朋友——小陈，她活泼开朗，阳光自信，乐于助人，是我学习的动力和榜样",1
1132,把她写给你看,"她，质朴无华，一生生活在农村。她非常的爱我，我也非常爱她。
她很坚强很勤劳。
她腿上有病，平时上楼睡觉爬楼梯都很困难。但她选择去工地上班，她的活看似不累，可是到晚上她躺床上就睡着了。我们一家都劝她，她却总是说年龄比她大的都还在干，我为什么不干呢？
可是您每天不知道要站着站多长时间，您的腿也会受不了啊。
终于，工地上完活了。我原以为她会在家休息，没想到没过几天她又找到了工作，在一家鞋场里。我去过那里，空旷的厂子里只有缝机，很多张桌子，里面的味道也很刺鼻。就算戴着口罩也阻挡不了那难闻的味道。直到现在，她也没停下这个工作。
上小学的时候，我一直在老家，也一直是奶奶照顾我。
一直星期天，奶奶就会做很多好吃的（上学要住校不方便）。奶奶为了我很舍得，家里的鸡都快被杀完了，她自己却舍不得吃。我为她夹鸡肉，她不要，我就会说你不知我也不吃了。奶奶就会笑着说我长大了。可是这个笑对我来说却很心酸，她为我做了那么多，我只为她说了一句话或做了一个举动她就可以那么高兴。我又有什么理由不知足呢？
那时候年幼无知的我却不懂得感激奶奶，总会为了芝麻大点的事和她吵架，我却从来没说过一句“对不起”。
过年回去时，奶奶早早地就站在路边等我。我一下车，奶奶就抱住了我，还会说一年不见都比我高了。是呀，一年不见奶奶头上的白发又增多了。
她对我的爱比海水还要深，在我要来南京上学时，我不知道她的泪水在眼眶里忍了多久，只知道我坐车离开后她站在原地擦眼泪。
希望奶奶身体健康，腿病能早点好，一辈子都陪在我身边。",1
683,这样的人让我佩服,"我有一个朋友，他叫贺俊霖。他是一个男生，大大的眼睛仿若桃花竞相开放，明媚缠绵。但高高的鼻梁让他的清冷扑面而来。 贺俊霖喜欢跳舞，locking是他的最爱。他常常邀请我去他的舞室看他练舞。他精益求精，每一个动作都得标准。贺俊霖练舞时间长，我就静静地坐在一旁，从太阳升起到骄阳四射，看着他的衣服一点点被汗水打湿。
其实跳舞只是贺俊霖的业余爱好，他还是品学兼优的小才子呢！
贺俊霖在学校总是名列前茅。这让我刮目相看。但谁无失意时？
那次期中考试，本来能稳在前三的贺俊霖意外掉下“神坛”，而且名次极不好看。
“这次怎么了?”我问他。
“没事，我不在乎。”贺俊霖这样说。但我知道，他每次这样说是不想别人太担心。
他让我在厕所门口等他，自己独自进去。我听见厕所里烘干机的躁声持续了许久，隐隐约约传来哭泣声和响亮的巴掌声。
我在外边又焦急又无奈，贺俊霖太尽善尽美。他出来了，眼圈泛红，脸颊有泪的痕迹。
“不是说不在乎吗？”我差点被气笑了。
“嘿嘿。”他没正面回答我的话，只是傻傻一笑。“我刚才在里面想通了。挫折并不可怕，可怕的是你连战胜它的勇气也没有。当一个人知道自己想要什么，并为之努力时，他就不会被这个世界改变，而是去改变整个世界。而我，就是那个改变世界的男人！”说完，他还举起了双手。很好，社牛人士贺俊霖的中二魂苏醒了。
后来的期末考试成绩出来，贺俊霖看了眼榜单微微一笑就走了。我过去一瞧，他又回到了属于他的位置。
插句题外话，那天跟他吃饭真的太尴尬了。当时贺俊霖突然猛拍桌子站起来。所有人都看向我们，表示诧异。贺俊霖赶紧道歉：“不好意思各位，我突然找到那道证明题的解法了。”尴尬后还是挺想夸他的，吃饭也不忘记学习。
贺俊霖的严谨认真、一丝不苟无不影响着我。这样的人让我佩服！",1
1682,两地书，父子亲,"家书，是傅雷联系儿子、了解并教育身处外地的儿子的一封封信。
家书，是心灵的寄托，书中曾说“傅聪走后的那一天，傅雷在床上回顾了儿子的童年，翻来覆去地睡不着觉；走后的第二天，妈妈连眼睛哭肿了，那天晚上妈妈也写了信，信上写道只要常常来信，看见你写着‘亲爱的爸爸妈妈’就很满足了”妈妈不望傅聪能抽时间回来看看她，但是能常常来信，知道他在海外的情况，知道傅聪没有忘了她，记着她。深爱着自己的母亲便足已。文中也曾写到“你的信我们看得多宝贵，我们虽然分离了，可是心永远在一起，这是你给我们唯一的安慰”傅雷很爱傅聪，很思念着他，将思情写在信上，将思情传递给傅聪。
家书，是一位严厉父亲对儿子虚心教诲，书中父亲曾对儿子说自己十三至十五岁念了三年法文，没念好，后到法国，请私人教师与房东太太随时在谈话中纠正。为什会提起这任事？目的又是教儿子好何正确学俄文俄语，不把俄文学习弄成“突击式”，这样会很容易忘，慢慢学慢慢纠正反而记得牢些，后父亲也提到了对儿子礼仪方面的问题，例如去别人家做客，如要脱衣，就必须把围巾和披风都脱去；对于音乐技法，如何感受音乐也有指导。老师纠出错误，不先去改，而是先用心感受，有的时改了还不如从前的好，弹奏时不要边哼边弹。这样就没有留神听弹出来的音乐，要哼也只用默哼；弹奏时身体动作不必太多，会浪费精力，并且也影响到了她的技巧和速度；用心去体会得到一个新的境界，再在琴上弹试，尽量控制感情并把它移到艺术中。
家书上的内容，是一个父亲对儿子的认可与赞扬，书中提到过傅雷在电台广播听傅聪弹的曲子，大体感觉很不错，觉得傅聪成熟了，艺术灵魂更坚强更广阔了，他为他感到骄傲!家书是联系并传递感情的方式之一，家书体现出了父亲对儿子的关心与爱，家书体现出了父亲好的数育。",2
3159,想和做,"不知道你们身边有没有这样的人，每天总嚷嚷着我要怒力，我要进步......可从未看到他的改变和行动。这便是典型的只想不做，很显然，只想不做对我们的成长与进步没有丝毫用处。那么我们如何才能在自己的成长道路上跨出一大步呢？只有先认真想，再仔细做，才能进步，才能突破。
“想”就是指思考、设想。我们在做事前，一定要先思考好自己要什么，怎样做才能将事情做的更好或效率更高。同学们在步入初三后，有没有发现我们的背诵任务一下子多了不少，不仅语文、英语要背，新加入“学习豪华套餐”的化学也是一门令人头痛的学科，我相信很多学生都经历过，埋头苦学几小时，把太阳熬到和月亮换了班，但定盯一看，练习没完成的同时，书也没背好，得不偿失。
在动手完成作业前，我们不妨从各项作业的难易、数量的多少等不同方面将其排序、分类，让自己能迅速、高效的完成大部分工作后再与余下的“难啃的骨头”奋斗。
但正如“实践是检验真理的唯一标准”所说，除了设想，思考，将设想变为现实的“做”也是必不可少的。
“做'就是行动、落实。我们要将自己的思考、自己的想法变为行动，只有将心中所想落实到行动所为，我们才能取得成就。
居里夫人如若只靠猜测怎能发现“镭”？那是她在实验室以年为表，以万为次实验的结晶；爱迪生如若只靠设想怎能找到最适合做灯丝的材料？那是他从几千种材料中逐一比对尝试后才定下的唯一；我国科研工作者们如若只靠猜想怎能有“神六”“神七”的飞天？那是他们夜以继日，刻苦钻研的证明......行动，是实现想法的唯一方式。
唯有在认真思考后的行动，才是我们成就自我的法宝。",2
80,徐老师的二三事,"作为一名英语课代表，对徐老师的认识可能比同学更清楚。
徐老师是一个固执的人。英语课上，她认为“袋鼠”和“考拉”是同一种动物，班里同学都告诉她，这是两种动物，她依然不信，课后，她还去搜查了一番，又认为“袋鼠”是可以在树上生活的，直到十班同学把地理书找出来，她才心服口服。
徐老师是一个体谅孩子的人。即使是数学作业占用中午的时间，她也会体谅我们，取消中午的默写。当作业布置完后，她也会追问我们作业多不多？尽管我们不敢说多，但徐老师的行为也体现出了她对孩子的体谅。
徐老师还是一个可爱、关心我们的老师。作为课代表，我的英语水平并不是很好，但徐老师对我依然很关照。时常问我有没有不会的地方或者没听懂的知识点等。这次的期中考试，我终于让徐老师欣慰，尽管不是班里最高分，但也达到了很大的进步。我当时，得知这个分数时十分开心，但比我更开心的应该是徐老师。徐老师在课上，也表扬了我的进步。但我的进步也不是没有原因的。考试前的辅导课，徐老师把重要的知识点，重新勾画了一下，我也认真做了笔记。下课后，徐老师并没有匆忙赶到十班去，而是坐在我身旁，问我有没有不会的题目？我指出了一道题，老师也认真解答了，并把选项都解释了一遍。这就是我进步的原因。徐老师听到我的成绩时，露出了那灿烂的笑容，那个笑容是独特的，代表着对我的欣慰。我想：徐老师也是一个孩子气、可爱、关心我们的老师。
徐老师的二三事只不过是一些平常的小事，但却表现出了她独特的风格与品质，她独特的品质，是那份对我们的关心与体谅。",1
1533,中国氢弹”元勋“——邓稼先,"绝密严谨邓稼先是中国核武器专家，他在工作上严谨绝密。
他每天早出晚归，妻子很担心他，常常问他：”你到底去哪里工作，是哪个单位？“他总是说：“‘老地方’。”他连朋友的聚会都取消了。一生都在隐姓埋名，不管是谁。都不知道他是研究原子弹。
一心为了工作邓稼先从美国后，就立刻接到了研究原子弹工作。他只有一台工作台，一支笔，一些纸和一台手摇计算器。没有任何的机器下，邓稼先依然没有抱怨，而是一个个的计算着。每天日覆一日的工作着。
由于邓稼先的癌症的越来越严重，经常病的倒在了地上。
有一次，他因劳累过度，一下次倒在了他警卫员的身上。脸色苍白，浑身颤抖。在1986年5月，邓稼先因全身失血过多而死。后人用”鞠躬尽瘁，死而后已。“来评价他。
自信镇定邓稼先在一次观看试验时，有个人告诉他：“有个参数出错了。”但他粗估后自信的回答道：“试验继续，不影响发射。”“我不能走”邓稼先也是个勇敢无畏的人。
有一次，他的原子弹的试验失败了，听说有一个很重要的残零件还要有人去取，大家都让邓稼离开这里，他不仅没走，返而还要到现场看一看，并且还说了句：”我不能走。“”手有没有颤抖“当时的外交局面十分紧张，英国，法国，美国等国家，禁止了大气层核武器试验，对于这么紧张的局面，邓稼先整夜整夜的没睡觉。在很关键性的方案上签字时，大家都不会觉得像电视上那样，镇定的签字。而是会问：“手有没有颤抖。”永恒的骄傲1964年10月6日，我国第一颗原子弹发射成功。
1967年6月17日，我国第一颗氢弹发射成功。
这是中国人永恒的骄傲，是令每一位中国人记住的东西。也是在那时起，国外才正式承认”中华人民共和国政府“的存在。",1
2680,付诸行动,"“现实足此岸，理想是彼岸，中间隔着湍急的河流，行动时时架在调上的桥梁，”一位伟人曾说过。的确如比，行动是一个人提升自我，贡献社会，坚定民族信念的驱动力。
付诸行动是一个人走向成功之门的“钥些。牛顿被苹果砸后产生对苹果掉落方向的疑问，并多次实验研究，终得惊人的万有引力结论；涓雪天才少女谷爱凌，产生排战“1620的想法后没有踌躇犹豫，而是坚定地跳出”信仰之跃”，终一能成名；羽生结弦产生挑战“4a”的想法后，马不停蹄地奔赴目标，不懈训练，终在挑战中成就了爱好的自我。由此可见，将每一个看似不起眼的想法付诸行动，便会取得大的成功。
付诸行动，可以让我们的美好星星之火撩起社会之原，张桂梅校长一直想着为女孩子提供免费教育，正是她的勇于行动，让大山中的女孩子获得免费的高中教育，向社会“报之以歌”；年轻的实习医生于逸飞，在湖南暴雨期间与众多乘客被困地铁车箱，他在成功被救媛的那一刻产生了回去救人的想法，使义无反顾地走向暴风雨，成功营救多人。“星星之火，可以燎原，有的人在义无反顾的为社会付出自己的行动时，向社会传道了最亮最暖的星火。
付诸行动，是我们筑起中华民族共同体完识的助力剂。孙中山先生说过：“以吾人数十年之必死生命，立国家亿万年之不死根基，“正是他们的勇于实践、不断动错，将理念付诸行动，才挨来辛六革命的胜利，推翻封建帝制，为中华民族的振兴打下基础。
行动的重性在此刻不言而喻。在新时代，作为国家的希望的青年们，要手做实于家，不做梦想家。祖国的美好未来,需要我们脚踏实地，付诸行动，不忘初心!",2
3201,读者，“活”着,"人类文明走过数万年的沉淀，将智慧的结晶浓缩在书中。然面，我们面对渺茫的万千书籍，不免会乱汲取，胡览之，问起来，也称读者，这能算真正的读者吗？
否然。大家是一样地生话读书，为何有人精神充实，有人无所适从，面对问题没有头绪？这便是区分真读者同假读者的最大依据——真读者是“活”着的，即活在书里，活在当下的。
宋廉幼时嗜学，家庭的贫困，同舍人的富丽都不使他羞涩，他到处借书抄书，不懂的地方请教老师，可见他是活在书中了，作为一个真读者，宋濂学以致用，成为坐备顾问，又岂不是活在当下了？真读者又如闻一多，挑灯夜读，书不释手，直至国家有难，亦挺而救国，拍案疾乎。真读者拥有崇高的性情和善思的灵魂。
我们提倡做“真读者”，是因为读得真挚，对事物看得真切。王阳明格物致知，是通过不断读书和思考换来的。反之，浅尝辄止，如赵括，最终只可纸上谈兵。
除了明事理，做“真读者”有利于我们弥补精神滞碍，走近人生。吕蒙进学，“非复吴下阿蒙”是读了群书后的精科上赞赏和进步；苏舜钦读书佐酒，在觅待真知的同时，走近了人生百味。因此，做真读者是很必要的。
那么，如何去成为真正“活”着的真读者呢？
读时多思多想。“虽有至道，弗学，不知其善也。”有了好书，更要讲求汲取的思想。
践行真理。周恩来自小读书，悟出“为国崛起”的读书意义，一步一步带领爱国人民走向光明。这是真理得到践行、愿景与知识从书中照进了现实的具体展现。
同样需要联系当下生话，走好后续的路，在书中的启迪应当运用到日常的生活中，体悟更深，性情愈坚。只有如此，做一个真读者，才有意义，会使你走在人生的平原上，心中有沟壑，目中有远方。
做一个真的“活着”的读者，愿你我一同共勉共进。",2
3328,知足与乐,"古人云：“知足常乐”；古圣贤云：“先天下之忧而忧，后天下之乐而乐”；有人却说：“知足未必常乐”。不禁有人感慨：懂得知足吧！
“知足”，顾名思义，知道满足，满足于现在自己所拥有的。不知足的人那都是因为他们的虚荣心在作祟，那那些不知足的人都不快乐吗？答案是否。这些不知足的人难道不是因为得到了好处感到开心快乐才继续索取吗？
现在的社会已出现了“啃老”这一现象。不靠自己的努力奋斗而一味向父母索取，得到了自己想要的东西，心满一足，但却不肯罢休，还想再继续得到好处，这不是不知足吗？这些不知足的人不应该想想父母的东西都是大风刮来的吗？再想想那些特殊的人，他们身上有残缺，有些行动不便，对照着看看，都知足吧！不仅要知足还要珍惜，你生下来最起码是个健康人，而那些残疾人士，生下来可能有身体残缺，他们也没有不知足。
路漫漫其修远兮，人生如月，一切顺应自然。名人曾说过：“知足是这个世界上最大的幸福。”不满足而一味追求，多少人穿着西装革履，穿梭在城市之间，拼命工作，而已忘了自己本来的模样；多少同学在考试时投机取巧，作弊，取得较好成绩，但同时也赔上了一生的命运。这都说明了什么，他们都不知足。人啊！唯有知足，才能淡泊，人总归是会变的。
倘若嫦娥知足于美满幸福的家庭，不信奉什么长生不老，那么她一辈子都不会明白广寒宫有多冷；倘若安禄山知足于高官，高俸禄，不贪图荣华富贵，坐拥一切，不发动安史之乱，那么他就永远不知道家破人亡的感觉。不懂知足的他们，永远活在没有满足中，总觉得没有获得什么，活在没有快乐的世界中。知足于田园之乐的陶渊明，悠然自得的隐居于深山中，在山下种豆，欣赏菊花，淡泊一生。
人生如戏，本就存在不完美，知足者常乐，只要拥有一颗知足之心，世上所有的事都会感到快乐。",2
3036,天总会亮,"一片灰黑的高楼中偶尔闪过几丝灯光，远处的雷声与窗外的雨声构成极不和谐的交响乐，似乎天公要把他那暴躁的脾气强行塞给每个深夜还未睡下的人。浓厚的云团把月光遮得严丝合缝，连街上路灯的微弱亮光都在暴雨中显得不甚清晰。这一切仿佛都喻示着天不会亮。
午夜早已过去，我却独自一人坐在书桌前，用疲惫的手指转着布满划痕的笔，对着满桌凌乱不堪的作业和试卷发呆。考试的失利让我下定决心刻苦学习，可面对这无数的难题，我竟有些无从下手。狂风四起，窗外的雨声也随之愈发急促，更是令我狂躁而不安的心绪雪上加霜。我放下笔，拉开窗帘，似乎有什么话要对这无尽的黑暗倾诉，却又说不出口。我就这样凝视着这也许不会亮的天，脑内渐渐被嘈杂的雨声和雷声填满。
一道闪光打破了沉寂。
那是一只鸽子，在房间昏黄的灯光照射下，它的羽毛显得熠熠生辉。虽然它只从窗前掠过了一瞬，可我仍能看清，它那洁白的羽毛下藏着许多淤泥。
白色的闪光飞过窗前，很快就遇上了一阵突如其来的狂风。狂风裹挟着带有沙泥的雨点，猛烈地砸在这风暴中的勇士身上。它霎时间便控制不住平衡，几乎要降落到地面。我本以为它会就此放弃。可借助着街灯的亮光，我却看到，它用力地煽动羽翼，抖下豆大的雨滴，又再一次飞上天空。无论遇上多少此狂风，它都没有放弃。我不知道它为了什么而这么努力，但是我确信，那脾气暴躁的天公是被这黑夜中的闪光打动了。几乎是一刹那之间，黑云散尽，风暴落定，皎洁的月光洒向大地，月亮显得闪亮而绮丽，在这月光下，有一道更加明亮的闪光，向着悠远的苍穹渐行渐远。
回头看看桌上成堆的难题，我充满了干劲。天总会亮的。不努力拼搏，怎能面对那雨过天睛后的美景呢？",2
3509,我也是一束阳光,"阳光是普遍的，但它存在的同时也是十分伟大的；如果没有阳光便就不可能存在着这个美丽的新世界，我们应该多珍惜我们珍贵的时间去看看处面美好的世界。
然而在初二时候的我并不会去认同我的这一段观点，那时的我还不像我现在这在健康，这很难不让我回想到过去的我…
在我初二暑假时，我把厚厚的暑假作业写完后我心里就只想着如何去奖励自己了。在那段时间里我起的晚睡得也晚，那段生活如果可以用一个词形容的话那就只能用“黑暗”二字了。我从以前的中等体型也慢慢开始变胖，但改变我生活的这一天到来了。某一天我向平日里一样在某视频上刷着视频，我碰巧刷到了一个每天训练打卡自己生活的一个主。那个博主每天都会去记录自己的锻练生活与一些记录，视频中的他是那么的阳光与师气，我也本想像他学习但我觉得我没有那个必要我当时认为我十分健康。但在他的新视频中他却主动透露出了以前的他，以前的他甚至比他现在的模样都胖了整整两倍，我都不敢相信这是以前的他。从他评论区下的评论我也意识到了我并不是我想象中的那么健康并且我也知道肥胖的坏处。于是从那一天开始，我下定决心去训练我自己，我决定每天都要晨跑。在那之后我每天的六点都会设置好闹钟，虽然一开始的我并没有习惯，在跑步中我也显得十分吃力，但我也想那个博主一样那么强壮，渐渐的每天我都会在那阳光的照耀下晨跑，我感觉这似乎我也成了一束耀眼的阳光了。这早上的景象是那么的美丽，我竟然现在才发现，我感慨着。逐渐这也成为了我的习惯，这与之前“黑暗”的我是完全不一样的！
这晨跑的开始同时也是一场旅途的开始，到现在我也依旧没有放弃晨跑，至到今日我每天也会在太阳的拥抱下完成我应完成的任务！",0
3894,家庭趣事,"外公是一个不怎么爱说话的人，但他的到来却给我们家带来了许多欢乐。
小时候我每年春节都要去探望外婆外公，外公一见到我们来了就会紧跟着外婆后面出来迎接。外公不像外婆那样能说会道，只能站在后面傻傻的笑。外婆会把我拉去房间，问我一年里大大小小的事，外公便会坐在一旁“偷听”，还不时发出“咯咯”的笑声，外婆听到后便会让外公排一大堆的事。外公便会耍起个小性子，说什么也不走，但说不过外婆，只能悻悻离去，他一脸怨气的样子，总能让我们的大笑，而外婆也笑出得意的神情。
这几年，因为外婆得了病，外公不得不跟着外婆移居上海，外公初来上海时吵着要回宁波，妈妈总劝他好久，他才能消停一会儿，用时妈妈一边劝一边会自己忍不住偷笑，是呀，看着外公那长满皱纹的一脸不开心的脸，是谁都会忍不住笑吧。
，外公虽然对我母亲十分严厉，但对我却疼爱有佳，一次早晨，妈妈让外公去买汤包给大家，当早饭可左等右等，外公却迟迟不回来，打电话也不接，正当爸爸要下楼找外公时，外公正提着小盒汤包回来，妈妈问外公为什么这么久才回来，外公支支吾吾地说：“我去给妞妞买蟹粉汤包，排了好长的队。”“你就买了一份，那我们吃什么呀？”妈妈追问道。”你又没说要给你们买。”外公轻生道。妈妈也没办法，只好让爸爸再去重买，这可让我捡着漏了，我可从来没吃过蟹粉汤包。我小心翼翼的打开了盖子，轻轻咬一口汤汁都还是热的，这是外公闹得乌龙，虽然大家都没了早饭，但我心里却乐开了花，不仅仅是因为蟹粉汤包的鲜美，更是因为外公无害的偏爱，大家虽然没了早餐，但看着外公笨拙的样子和一口宁波话的口音，也让大家都露出了笑容。
，外公的经历十分波折，但他从来没有过一丝的抱怨。他虽然不像外婆那样心灵手巧，不像妈妈那样厨艺高超，也不像爸爸那样能言善辩，但他却用自己笨拙的方式展现自己对家人的爱，他的爱不是伟大的，响亮的，而是默默的，小小的。他或许不那么耀眼，但却足够温暖你的小世界。",1
2823,谈读者,"我们时常听到这样的话：”我是某某某的读者“”有读者评论“”引起了读者们的广泛好评“诸如此类的话、在大多人的意识中，”读者“和”读书的人“是划等号的，但事实真的如此吗？
试想一下，一个人在闲暇时随手翻阅了一本书，大体了解了书的内容，但仅仅浅尝辄止，甚至过几天就将书中内容抛之脑后，全然忘了，那么，把这样的人称为一本书的”读者“，未免太随意了些。想必将这种人称为某位作者的的”读者“，这位作者也不乐意的。
那么，如何读书才能被称作为读者呢？
做读者，要品味好书。世界上的书数不胜数，一个人想要将它们全部读完，是完全不可能的。因此，很多时候我们要面临的是对书的选择。同时，选择什么样的书也是一个人能否被称之为”读者“的首要标准，人人都知道我们要读”好书“，但”好书“不仅仅指名家名作，更是指适合自己的书，正如”五十而学《易》“。《易经》是中华经典，固然是好书，但倘若让一个十岁的孩子去读《易经》，他断不会认为这是一部杰作，原因很简单，他根本读不懂，自然算不上《易经》的读者。
做读者，要走进书中。选好书很重要，但如何读好书更重要，正如培根所言：”书不以其用处告人。“手捧一部好书只是做样子，想做读者，要翻开书，走进去。许多书，尤其是经典，不花时间，花心思细读是难以理解其中奥妙的，反过来说，有些书的内涵埋藏很深，若不全神贯注去读，可能会误解它，也就失去了成为这本书的”读者“的机会。
做读者，要心存批判。大作家也是人，也会犯错，尽信书中所言是不科学的。对于书中与自己意见有出入的部分，真正的读者应当勇于质疑。在质疑的过程中，读者也许能对书、对作者、对自己都产生新的了解，把书读”活“了！
当然，若一个人毫无道理的批判一本书，为了抹黑而质疑，他也不能成为这本书的读者。
读者是一个美好的身份，当你成为某本书的读者，你也就成为了这本书的朋友。",2
2820,水浒传中的108位好汉是真英雄吗,"水浒传中的108位好汉当然不全都是真英雄。
那么，何为英雄呢？提到英雄，最先想到的一定是雷峰、红军战士。又或者是疫情期间抗战一线的医生护士。英雄的定义，是全心全意为人民服务，大义凛然，一悲子做好事。而《水浒传》中，却没有几个好汉没有做过坏事。
就比如晁盖吧，本身就是地痞流氓、社会上的小混混、黑道成员。拿劫取生辰纲这事来说，我们看到的都是吴用晁盖的机智过人，却从未想过这本身就是不道德的行为。所以晁盖或吴用都不能称之为真英雄。
上梁山的好汉数不胜数，自愿上的却屈指可数。其中有一些本是普通却善良朴实的老百姓，是至是政府的官员。被人协迫或引诱上山的，就比如朱仝，卢俊义或李应等人。
甚至还有因为险情或意外，走投无路了，才选择上梁山的。宋江便是最典型的例子。他虽说为人仗义，却总想着招安。因晁盖等人劫取生辰纲，他将官军消息告知晁盖。待晁盖上了梁山，遭刘唐送朱招文袋和五十两黄金，不料的是，此信落入阎婆惜之手。宋江便怒杀阎婆惜，被判死罪，好在受梁山好汉相救。在刑场上将他救上梁山。这便是宋公明上梁山的原因。
而能够被称为真英雄的，我认为是鲁智深。
鲁智深一开始也是他家乡的小官，他就爱管些不公平的事。最能体现他特征的就是拳打镇关西那一回了。当他遇见了被欺负的金翠莲，二话不说就把自己的全部身家给了金翠莲。鲁智深对当时的世道十分不满意，脾气也暴躁了些，但心地十分善良。这才叫真的英雄。
在水浒中，只要是108位好汉中的一员，干什么坏事都可以成为好汉的壮举，但韦不是。就活该被专政，被严打，所以说，这些好汉不全是真英雄。",1
4288,卢沟桥,"亲爱的游客朋友们：
大家好！我是今天的阳光小导游，带领大家寻访永定河上的卢沟桥。
卢沟桥作为我国极具代表性的石拱桥之一，不但形式优美，而且结构坚固，能几十年、几百年甚至几千年雄跨在江河之上，在交通方面发挥重要作用。
走上坚固的石头桥面，你很难想象这是一座修建于1189到1192年间桥，桥长近265米、由11个半圆形的石拱组成的拱桥。这些石拱长度不一，自16米到21.6米，桥宽约八米，桥面平坦，几乎与河面平行，每两个石拱之间有石砌桥墩，把11个石拱联成一个整体。由于两个石拱相连，所以这种桥叫联拱石桥。永定河发水时，来势很猛，以前两边河堤常被冲毁，但是这座桥极少出事，足以见他的坚固。
现在我们来到桥两边的护栏上，你可以看到每个柱子上都雕刻的石狮子，柱子上也雕刻着各种花纹。这些石狮子有的母子相抱，有的交头接耳，有的倾听水声，有的像注视行人，千姿百态，惟妙惟肖。看见了它们，仿佛可到几百年前的匠人们用锤子一锤一锤地雕刻的样子。
早在13世纪，卢沟桥就闻名世界，那时候有个叫马可波罗的意大利人来中国旅游，称这座桥是“世界上独一无二的”，并且特别欣赏桥栏上的石狮子，说它们“共同形成美丽的奇观”。在国外，这座桥也历来被人们称赞它的位置并且而且建筑优美，“卢沟晓月”很早就成为北京的胜景之一。
在中国的近代史中，卢沟桥也极具纪念意义。1937年7月7号，中国军队在此抗击日本帝国主义的侵略，揭开了中国人民全面抗日的序幕。
卢沟桥是我国劳动人民运用他们的勤劳和智慧所创造出来的，代表了我们国家的工匠精神。感谢各位的聆听，我们下次再见！",2
3226,跨过,"“勇士是在充满荆棘的道路上前行的。”奥维德这样说。而生活处处是苦难，我们在遭受苦难的同时，也在勇往无前。
暑假，正是烦闷的苦夏，窗边传来知了一阵阵的叫声，窗外是烈日骄阳的景象，扑面而来的是热。作为厨房小白，也打算去做拔丝地瓜解暑。
首先准备的食材主角是地瓜，先将地瓜削皮。虽然是没做过饭，但对于削皮也是很上行的。三两下，便看得地瓜真面目，得到一盘光溜溜的地瓜。削地瓜并不难，主要难在炒糖。对于这一步我并不看好，因为很怕那油滋滋的溅出来。而我更以为炒糖是要些许的技巧和麻利。我想退缩了，可望着妈妈盈着的笑，出于面子，也只好硬着头皮上了。
果不其然，光小心翼翼地放下糖后，因为没有及时翻炒，而早已结成一块块的，于是第一次做宣告失败。于是又鼓着勇气又试了一次，这次要比第一次好一些，但炒出来一团黑乎乎的不明物体，简直不堪入目，又好笑又心酸。妈妈看着说，“在朝时，要按顺时针搅拌糖，而且当糖油冒大泡成小泡时，便成了。”我将水、油、糖同时下锅，来回翻炒了下，又按顺时针搅拌了，看着快要成功的样子，又加大了力度，没料想，出现了意外，一块糖由于没完全炒还是块状，便滋的溅在手上，手上立即红胀了一片，赶紧用冷水冲洗，已经烫得起了个水泡，我面部狰狞，直跳脚。妈妈心疼的说：“要不别做了，我来吧。”我先将手上抹了药，还是决定做下去，毕竟都做成这种了，也不会有比这更糟糕的情况了。
忍着伤痛，再一次站在灶台前，不急不慢得炒糖，直至焦糖色，将地瓜不急迅雷掩耳之势下锅，不过炒地瓜时，还是需要妈妈的一臂之力，最后得到一盘拔丝地瓜。
我们都说常有困难，但是在这逆境中，也只有自己靠失败、挫折而遇见希望。",1
4275,天安门,"你们好，我是阳导游新新，今天由我来为大家介绍中国的著名景点－天安门，领略中华文明的宏伟壮丽
天安门前有一巨大长方形广场。上面矗立着承载百年历史的英雄纪念碑，呈长方体，四面每一面都呈现出不同时期的英雄人物，上面栩栩如生的刻画仿佛把当时的场景展现在我们眼前，上面还有毛主席提的“人民英雄永垂不朽”八个大字，在日光下反射着金光，如同那个时代人们意志与精神上散发的光辉，当你站在它的前面，那种雄壮气魄仿佛铺天盖地，无人不感到敬畏与我们身为中华人民的自豪之感。
往北走，你会看见一样银灰的旗杆矗立在大地上，宏伟至极，五星红旗长扬在碧蓝的天空中，高28米，每当清晨，人民解放军便会把一面新的国族挂在旗杆上，随着太阳一同升起，每天到会有成百上千个人来观看看开旗仪式，以表达他们浓浓的爱国之情。每到日暮，也会有人把旗帜降下来，伴随着日落，第二天又是一面全新的国旗，而旧的国旗将会陪伴着属于自己的革命先烈，守在他们的墓前。让我们回望历史，在1949年10月1月，有无数人聚集在天安门广场上，见证看中国伟大的新民主主义的结束，迎来他们所期待的建国，看着毛主席宣读着这个喜讯，也是庄严而伟大的的时刻，按下那个红色按钮，五星红旗徐徐升起，象征着中华人民共和国人民政府的成立，才有我们今天的“国庆节“，十万百万的人欢呼雀跃。向上看，在天安门城楼上，挂着毛主席的头像，革命先烈的意志处处影响着人们的生活，在这个伟大的国度上，
我爱我的国，我爱我的家，让我们在这伟大土地上，让我们书写中华人民的未来
今天的云游天安门就到这里，感谢大家的参观，我们下次再见。",1
2815,读者——诗意的身份,"宁静悠闲的午后，浸在自家的后花园里，沐浴着柔和的阳光，泡着下午茶，手拿书籍倚在躺椅上——多少人憧憬的身份，读者。
但读者的模样真的像人们梦想中的一样吗？实则不完全是，读者是诗意的，不是随意的。
在我眼中，读者可以是随心阅读的人，而不是随性阅读的人。正如我文章开头的景象，也许有的人靠在躺椅上，依旧是无法静下心来，可在书读着发觉它乏味，索性就放弃不读，换一本读，甚至犹于环境的舒适，他们还会昏睡过去，而这样的人，充其量只是“正在放松的人”，而决非读者。真正的读者，是可以做到随心阅读的。有别于随性，读者是会将自己置入书中的人。比如读法布尔的《昆虫记》，读者一定会去得入理解书的内涵，有可能会将法布尔的后花园与自己身处的后花园联系，使自己身临其境，心随所动。
由此可见，真正的读者外界影响，专心致志的人，但是，你捧着书，像他们一样，就成为读者了吗？
其实，是否成为读者还取决书的价值——也就是从书中获取多了有用的信息。书的种类繁多，在此便不一一列举了。假设一个人的压力很大，他也许会选择连环漫画。网络小说亲渚如此类的爽文，让人轻松愉悦，我并非不赞成这样的读书，只不过，读这样的书的确称不上读者——因为书本身的价值不高，也无法让人从中获取什么。所谓“真正的读者不在于读什么”这句话中，读的“是什么也”一定是价值较丰富的，读后定会令人收获颇多。
读者还要学会思考。读者从书中获取了知识后，还有去思考，正如培根所言“不可只为寻章摘句，而应推敲细思”。
“读书足以怡情，足以傅彩，足以成才。”读者读书就是这样，是享受的，不是艰难的，人们应都努力去成为一位读者，而不是故作优雅，去“玷污”读者诗意的身份。",2
1827,一只鸭经过南京,"我是一只鸭，静静地睡在紫金山旁的湖水中。
有一天，我醒来，发现自己正在和别的鸭一起在水中游逛。我望见了周围青绿的山林——中山陵，望见了森林，湖泊和前来游览的人们。张望的时候，我被水流冲出了湖泊。一路上，两边都是伟岸高大的梧桐树，毛絮从树上飘落下来在空中自由地飘扬，时常飘到我的身上，“哎，你听说了吗？这周围有一类叫南京人的人特爱吃鸭子，你可得小心点啊！”路上经过的人们，他们都在说：“中山陵，中山陵，那真是一个空气清新，美丽壮观的山林。
我已经奔流到了古都南京的秦淮河中，“嗯，南京？好像在哪里听过。”我在芦苇当中边想边欢快地游着。慢慢地旁边渐渐有了许多低矮的房屋，“啊！”我被浇了一头水，原来住在岸上的人在往河里倒洗脚水，“嗯？洗脚水！”突然前方出现了一座小桥。过去这是给河岸的人方便来往，促进两岸的经济。今天，许多游客站在桥上，把这小桥流水的景色做为一个美丽的背景拍照留念。不知不觉我已进入了夫子庙......街边卖银器的小店叮叮当当忙碌地制作银器，卖桂花糕小店的店主正吆喝着“新鲜出炉的桂花糕，软诺可口啊，快来品尝......”卖特产的小店中挂着许多只出炉的盐水鸭，“嗯，鸭子都能挂在店中看来这里的人很喜欢鸭子啊！”突然，我被一个网子套住装进一辆箱式小卡车中，不一会儿我来到南京城最繁华的市中心——新街口，直插云霄的楼房中，摆着琳琅满目地商品：LV的包，各式的鞋，色彩斑斓的丝巾，还有人在餐馆中怯意地吃着丰盛的晚餐。
突然我发现玻璃上倒影着几个字：徐家鸭子采购车。......我整只鸭都不好了！",2
1850,一颗树叶经过南京,"我是一颗树叶，诞生在牛首山。
有一天，狂风将我吹醒。随风飘拂，我望见了许多金色的房子——佛教塔。连绵起伏的山，郁郁聪聪的树。没错那是我的家，可现在就要离开了。
随着风愈来愈大我被吹得有点晕呼。“啪”的一声，撞上了一个硬东西，再一看写着“中华门城堡”，我被吹了进去，见到了藏兵洞。这里一共有3个瓮城，据了解是在敌人攻城时。将敌人放进来，再放下大闸子，将敌人关在里面，也就是所谓的“瓮中抓鳖”。当我被吹到瓮城里，即刻感受到当大间一关的危险感。
我顺着楼梯被吹上了城墙，飘在了这所谓朱元璋的腿上。
飘了许久，许久。眼前还有很长的路，可谁知风向一转，让我去到了东水关。送这里是内秦淮和外秦淮汇江处，我躺在上面，河水清凉，还有阳光的淋浴，微风袭袭，令我恰意，由宽到乍，水流速度大，使我有些不习惯，后来我流进了玄武湖，河水的温柔，树叶沙沙作响，对比整个大湖，我就是其中冰山一角。有几个船正在游荡，船上的人似乎对这片小小树叶充满好奇，我眼见岸边的植物被完美复到在水中。徐徐春风，摇摆着的柳叶如新磨一样的湖面，还有谈笑风声的的游客，如同梦境一般。
可我不能一直待在这湖水清澈、春花烂漫的玄武湖，哪知我又被往回吹、顺着外秦淮，再一次领略了明城墙的雄伟、磅礴。
“呼—""一镇大风将我吹起，吹到了鱼嘴湿地公园。我被风狠狠地按在了草坪上，意外之喜，看到了美如画的夕阳，灿烂的颜色填充了整个天空、金黄加紫红便是世上最美的颜色，因为这是夕阳的颜色。
晚上，我不知不觉睡着了，作为一片树叶，算是以树叶方式游过了南京。",1
2306,《沙尘之源》,"沙尘暴是沙暴和尘暴两者兼有的总称，是指强风把地面大量沙尘卷入空中，使空气特别污浊。
近日，韩国气象厅称源自中国的沙尘造成韩国空气质量下降。对此，我国外交部发言人针对此事表示，此次沙尘天气源自中国境外，中国只是""途经站”。
要知道，沙尘暴的形成需要有三个基本条件，一是要有沙源；二是沙源的土壤要干松；三是有较强的冷空气。而在我国的内蒙地区，截至目前，内蒙古森林面积达3.92亿亩，森林覆盖率提高到22.1%，植被覆盖度达到了41.6%，而在中国境外的蒙古国却是截然相反。2020年蒙古国的牲畜总量接近人口总量的21倍。畜养的山羊对草料的消耗量极大，所过之处，寸草不生。由于矿业发达，非法开采的黑矿很多，对植被破坏很大，这就有了沙源。而在中国三北地区，即西北、华北和东北建设的大型人工林业生态工程很多，累计完成造林保存面积在3014万公顷。这样一来，中国的森林树木等就远比蒙古国多得多了，就不具有沙源。
此外，在蒙古国自今年3月13日以来，那里大部分地区风速达到每秒20至24米，一度更是达到30至34米。这就有了较强的冷空气。
从去年入冬开始，蒙古国大部分地区和我国西北大部分地区降水量较常年同期偏少，多数地区累计降水量在10毫米以下甚至无降水。这就使沙源的土壤干松起来。
这样一来，与我国内蒙古地区相较而言，填外的蒙古国具有沙尘暴形成的三个基本条件。比我国更易形成沙尘暴。蒙古国又紧靠境内外分界线，以致于难免会影响到我国，所以综上所述，此次沙尘天气源自中国境外，中国只是“途经站”。
通过此次事件，人们也应该重视起环境保护，多种植树木等，使环境绿化，减少自然灾害。",1
2114,丢失的朋友,"“你最近听说了吗？那个同学又要去找老师了。”“真的呀，她怎么天天找老师啊？”这是我最经常听到的话语，但是听到又怎样呢？与我又没有关系。
一天，在班上“发生了一起”铅笔失踪案”，事发当时，只有我，A、B、C和当事人体育课迟到。而据当事人口述，自己在上体育课之前还看见得，因为我是最后一个离开教室的人，所以我的嫌疑是最大的，而且我又是第一个发现当事人铅笔盒在一个空课桌里的。老师理所应当地找我谈话。
“这件事是你干的吗？”“不是!”“你知道这件事情的严重性吗？”我回答：“知道。”后来老师问了我很多问题，但始终未得到他满意的回答——老师我错了，我不应做恶作剧的。随后，就是A、B、C三人的“审问”过程。
就这样过了几天，我的朋友A说她忍受不了每天下课都被问这些那些，准备告诉老师是她做得。我既没有否定她，反正她认与不认都对我没有影响。
随后，果然传来谣言：“你最近听说了吗？B是那个偷东西的小偷。”“真的吗？一想到我和她聊过天就觉得恶心。”我默不作声，在纸条上写：“今天麻雀叫得甚欢。”就将纸条放在了她的桌上，她看与不看都无所谓，反正与我无关……一连几天，B都没有来上学，后来才得知她写了一封信给我，大意是告诉我，她嫌麻雀太吵，麻雀们很机灵，总能完美地做到欺软怕硬。她想要去一个安静的地方学习。我想着：只是少一个朋友而已，对我也没有影响。几滴水珠滴落在信纸上，让墨色韵染开，我抽了张餐巾纸擦了擦眼睛并看向窗外，奇怪，今天并没有下雨啊。
此后，教室里便多了一张空书桌，而我也经常去那里看着，不就是让我的朋友离开我了嘛，反正与我无关……桌上又出现了几滴水。",0
2853,英雄的三颗心,"近日，电影《长津湖》收获大众的喜爱与赞赏，更加深了人们对抗美援朝英雄儿女的敬意。我们难以平复对他们离去的婉惜，不知累积至何种无私，何种大爱，何种胸怀才能重塑那些伟人。
沧桑变幻，时代更迭，但英雄从未走远。有英雄之身，可保健康，但宜培养英雄的三颗心，为新的生活注入力量。
第一颗心，装满了希望与信心。文天祥说：“男子千年志，吾志未有涯”，这就说明，信心是成就英雄的一大因素。做到胸怀信心，只有满怀希望。去做一个向往英雄的人，应当首要拥有一颗自信，阳光的心。
第二颗心，盛载对他人的宽容与爱，天地之大，雅量似九州，似湖海，方为宽容。宋朝范仲淹，勤于政治，“先天下之忧而忧，后天下之乐而乐”；曹操又写下“星汉灿烂，若出其里”，以示对自然无穷，时间无尽的包容；英雄并不是高山，而是拥抱群山的鹰。面对长江东逝，水滚滚，浪花淘尽，英雄的身影。更加宽广，而爱人是英雄永恒的主题，虎门的烟被大量销毁，“片甲不留”，是林则徐一夫当关，浩然正气，其对国人之身之爱，所以则震惊世界之销烟。这就是英雄的仁爱啊。
第三颗心，博纳家国、万物。英雄的定义有很多，聪而勇，非凡而秀出，都不足称道。唯有为了大利益，奉献自我，担当自我，为国家挺身而出，为人民谋幸福，为人类奋斗的人，才是真英雄。这种英雄心是不论时代，不论条件的。刘胡兰说：“生的伟大，死的光荣”，她为维护党机密，光荣就义；岳飞，写下“驾长车，踏破贺兰山缺，”壮烈杀匈奴，洒一腔热血；鲁迅，“横眉冷对千夫指，俯首甘为孺子牛；袁隆平，为全人类留下宝贵水稻杂交种苗，一直研究到生命最后刻。甚至平凡职守，为人贡献，也是拥有英雄之心啊！
三颗英雄心，三种英雄精神，养成这美好的心灵，是英雄灵魂的传承。每个人都有如此的义务。我们可以不出众，但我们有信心；我们可以不聪颖，但我们宽容；我们可以不被永远铭记，但我们博纳万物，笑然处之。论何人是英雄，每个人皆可是英雄！
在这充满了美好的新年代下，让我们去致敬英雄，学习英雄，成为英雄吧！",1
3011,心静自然凉,"一到夏天。我们就不得不面对一个问题。那就是到底该不该在热的时候打开电风扇。有的人以为应该开。因为自己满头大汗。特别难受。有的人认为不应该开。因为生怕自己受凉感冒，反而得不偿失。
那么，到底该不该开呢？
我认为不应该开。
那么，为什么不应该在热的时候打开电风扇呢？
我认为有两点理由。
第一点，我认为热只是暂时的，就像一句俗语所说“心静自然凉”，因此，在热的时候我们需要平复心情，让自己的内心平静下来。而这样做,也能让我们从躁动慢慢变得冷静下来。与此同时，身体里的热量便慢慢地散失掉了。所以，不开电风扇反而能锻炼我们的意志。
第二点，我认为这是一种同理心的体现。试想一下，如果你现在是反对开电风扇的同学之一，那你会如何看待这些支持开电风扇的同学呢？你是觉得他们非常地自私自立，还是觉得他们蛮横无理，还是觉得他们没有一点同理心呢？不论怎么说，你肯定都不会对他们有任何好感的。所以，我认为这是一种同理心的体现。
总的来说，我认为我们需要坚持集体主义，既要做到满足自己，又要做到心怀他人。谷爱凌即使自己获得冠军，她还不忘关心获得第二名的选手。陈贝尔即使家境优渥，她还不忘关心中国极度贫困地区的人们的生活质量。而最终，她们也收获了网友的一致好评。因此，我认为我们需要坚持集体主义。
不过话说回来，我认为那些要开电风扇的同学，还是因为平时就比较容易躁动，再加上天一热，就满头大汗了。再一个，就是这些同学缺少同理心，我认为他们不应该只满足自己，而是应该在满足自己的同时，考虑一下他人的感受，这样才能实现共赢。因此，我还是希望他们能尽早地认识到自己的不足吧！",1
3297,做一个自强不息的人,"“长风破浪会有时，直挂云帆济沧海！”李白的心胸是多么旷达，李白是多么自强不息啊！虽然被贬但依然想为国家效忠。但为青少年的我们，难道不也要做一个自强不息的人吗？
自强不息可以使身处逆境的人为国家做出贡献。清朝末期，中国屡遭打压，国内经受战争的侵略，看不到一丝希望。但是，杰出的铁路工程师詹天佑站了出来，在没有任何帮助的情况下，研究出了“人”字形铁路和竖井开凿法，建成了中国第一条铁路：京张铁路，让世人瞩目。在中国最受侮辱的情况下，詹天佑凭借自己的自强不息的精神，建成了京张铁路，这是多么可敬呀！可见，即使身处逆境，得不到任何帮助，但只要你怀揣着自强不息的毅力，一定可以做出一番大事业。
再放眼看像国外，年轻的霍金突然全身瘫痪，只有大脑在快速运转，只让一个学生作为他的助理，却在物理尖端的黑洞领域做出了巨大的贡献。由此可见，即使处于绝境，只要自强不息，坚定不移，也能做出巨大的贡献。况且，我们并没有身处绝境，难道不应该学习霍金做一个自强不息的人吗？有比霍金更优的条件，为什么不能做出大贡献，我们必须做一个自强不息的人。
再将时间轴向前推移，不难发现，即使贫穷，自强不息也会使你大有作为。范仲淹小时十分贫穷，冬天，他要等粥结成冻，分为一小块一小块。一天只吃一小块。面对他人的帮助，他只等其腐败，而后上了大官，为国家效忠。贫困的范仲淹自强不息当上了国家管理者，我们不应该效仿范仲淹，让自己更坚强，更自强不息吗。
做一个自强不息的人，让我们可以更加从容的面对困难，战胜挫折。
我们要做一个自强不息的人。",0
4434,秋天的事,"你们脑中的秋天是什么样子的，是两傍的的枫树，叶子像火一样缓慢的掉到地上。还是一大片的桂花争着开放，香气让人十分放松。还是在学校里欢声笑语。
而我的快乐是因为秋天是一位果农，有十分多的水果这三个月中十分茂盛，品种多的数不过来，而我喜欢这一个季节，可以我去摘很多的水果，我的故事，很多都发生在秋天。
这一次，我们秋游被取消，但是在小学时秋游让我体会了一次当小果农的机会，我们是最一组，运气十分不好，但是有这种机会，不能放过，在耐心的等待下，我们最后一小组出动了，老师刚说，话音未落就见我们消失在果树之中，果树上都是橙子，我们8人分成4组，两人两把剪刀一个栏子，我们两人一起行动，另一人是小宇，我的好兄弟，我背栏子，他来摘，摘到一半，里面有些还没熟只好再前进，我们发现有一棵树上有很多的大橙子，红的有些过，我叫小宇过来，摘了四个，又从书上拿了一个，用我们的水果刀，分了8块，一人四块，一开始，不相信，里面是有的，后面小宇一吃说：“小孙，这个是血橙比普通的橙要甜。”我十分高兴，一尝果然，老师用对讲机和我们说：“你们回来吧，摘的时间到了。”别人小半框我们一大框，我的背都被浸湿了。肩上被印了两了红的轮框，他们的橙子在炫耀，我们一副高高在上的，我们这一组放出了我们的血橙，8人一吃，对我们有了一些惊讶，他们都没有碰到过，我们拿了本组第一。
我们十分有成就感，我的秋天是快乐的，是有朋友与我吃水果，摘水果的季节，我喜欢秋天，那里有我许多的故事。",1
1326,仙人掌,"生活中，随处可见的植物，都有一个不凡的精神。陶渊明爱的菊，周敦颐爱的莲，都有高洁的精神。这些精神，往往会令人感到受益匪浅。
我们家原来有一盆仙人掌，长得很丑陋。仙人掌像几个绿色的手掌，有大有小，有粗有细。这几个“手掌”上还长满了几个小包，小包上面长满了刺。只要人一不小心，碰到了，就会扎到皮里。更令人讨厌的是，这种刺特别小，要照着光才能挑下来。这个又丑又烦的仙人掌，每年都能开花。因为这个开的金黄色大花，我们才不舍得扔它。而在它旁边的另一盆小野花，虽然没有名字，但是那些日出开、日落合的花儿，淡紫色的花瓣映衬着阳光，颜色又格外的鲜艳。不多说，与那仙人掌相比，这可是美丽了不知多少倍。
在某一年的暑假，我们一家去外地旅游，我们出游前忘记把阳台的植物搬回来了，再加上南京那干热的气候，像大火球一般的太阳，恐怕这两个植物都受不了吧！
我们回到家，去阳台看望了两个可怜的植物。小野花因为没有水的摄入和太阳的暴晒，盆里的土干得有了一些细细的裂纹，花朵垂了下来，叶子也有微微泛黄；而仙人掌呢，他并没有被这炎热的天气晒蔫掉，反而好像比之前更绿了一些。
仙人掌是生活在南北回归线之间的沙漠里。那里位于热带，雨水稀少，空气干燥，而仙人掌却是十分的耐旱。
在我们的生活中，也有生活让自己不如意的地方。但我们就像仙人掌一样，用自己的实力，与这样的挫折做斗争，磨炼自己不服输的意志。也许你在不被人认可时，你也可以通做自己的努力来证明自己。",0
1554,雪中梅,"这可能是南京下过最大的雪了，别提紫金山顶，就连路面上都盖上了一层洁白的厚棉被，似乎是对安抚着南京入眠。在这样一个亚热带季风气候的城市，能看到如此的皑皑白雪，真是梦中浮现的场景！
清晨，雪还没停，还在不停地飘落下的雪花，顽皮地在空中跳起了舞。街上的小孩子在雪地里欢乐地奔跑嘻戏着，打着雪仗，尽情地享受着属于他们的童年，成年人则是感受不到孩子们的欢乐，他们只是抬头稍望了一下雪景，便摇了摇头，向前迈开了步伐。并不是因为失望，而是因为他们身上肩负着太多家庭的责任，如果他们只是孩子，望着漫天飞舞的大雪，那可远不止欣赏了。
一切都好似被白雪所覆,一副白色的画卷就此展开，可是，这画上，偏偏有几个红色的点，靠近一看，这哪是点！这分明是花，不是粉红，不是鲜红，而是梅红！那是梅花！它依就那么艳丽，那么有生机，大片大片的雪花重重地砸在它们的身上，难道它们不尽吗?它们也是生命！但是，一种东西甚至使它们忘却的疼痛，那东西就是,毅力！它们，为了生命能在这寒冬中存活，挺立起了身躯，多像那一个个为了生活坚苦奋斗的人们！
这时，我偶然望向了桌上那张被柔成团的，皱巴巴的试卷，没错，那天是考砸了。当时，我极度地愤怒又无奈，为何会将简单的卷子考成这样，我将怨气怪在了每一个打扰到我学习的人身上，是他们让我取得糟糕的成绩。可是，当我结合梅花一想，心中顿时就释然了，虽然大雪也给了它很大的打击，但是，它依然屹立不到，做着整个冬日中最坚强的生命，这让我明白了：不在受到外界的打扰，认真地做好自己该做的事，那才是生命的真谛。
雪停了，梅花终于沐浴到了阳光，它露出了久违的笑容。",2
2976,给小萌的一封信,"亲爱的小萌:你好呀！许久未见，思念日亦增强。
听闻你在选修的校本课程国画课中最后一节当堂创作的课中，遇到了困难，最后没有完成.我知道你很喜爱国画课，也一直尽力地做好他。你平时也会和我分享你在课程中汲取到了许多，让你惊喜的事物与绘画的欢乐。但我们在追求热爱时总会遇到困难与挫折，我们要作的并还是停止不前，而是积极而上。
你的绘画水平一直很好，也让我十分欣赏。你当堂创作的山水画勾线、着色很好，但在收笔时蘸墨过多，导致颜色偏深，还有一处洇开了。你犹豫着该继续还是从头再来，时间的流逝，不坚定选择让你没有完成。思索的蝴蝶在记忆中苦涩的森林中寻觅芳甜。不禁回忆起之前画手抄报，因为犹豫标题的不完美，再次创作却不如之前。
如果你当时重新创作的话，时间会来不及，等到快结束时，你的焦虑心理会使你胆怯。其实，有些事情或许就是在不完美中发现完美。洇开的水彩或许可以成为你画中的亮点。如果你继续创作，那么那小处的不完美并不会使整体失败。
生活中亦是如此，在你面对选择该前进还是后退时。你该做的只有向前进，生活并不会按照你理想中的进行下去，一帆风顺的生活并不会促使你变得强大。成功的道路是直线吗？答案是否定的，你应该在你所热爱的道路上走下去，不要放弃。“因为热爱可抵万难”，所以坚持下去吧！
“海到无边天作岸，山到绝顶我为峰。”你也会成为一处绚烂耀眼的风景。越努力，越幸运。一次的挫折并不代表什么，要向前看！发挥与寻觅出属于你的光亮！
祝你的生活如你所愿般更加明朗，我们的友谊也会是无止尽的永生花！
你的好友xx",1
2021,紫檀木梳,"如月牙般，如碎花，又如木竹，仿佛身处竹林山泉之中，又好像是春天的空气那股特别的味道，轻轻盈绕在心头，着实令人猜不透，儿时爱美的娃子，最爱换着工具饰弄自己的头发，我也是不列外。
在别的同龄孩子爱不释手的拿着卡通人物的塑料梳时，我却独爱这一把木梳。
它是呈弯弓状的，手柄处还雕刻着精细的花纹，是用紫檀木制成，因而在阳光长时间的照射下，它散发出了阵阵微香。整体为棕色里偏青，透光，看出一丝丝紫色，放在暗处，又能隐隐约约地看出一些黑色纹理，也许这就是它的与众不同之处吧。
这大概是我5.6岁时，外婆去杭州西湖游环带回来的，当我吵闹着要礼物时，便递给我了这把梳子。那时母亲还直报怨：家里这么多梳子却还买，外婆只是笑了笑说道：“这个嘛，不一样！”那段时间，我一直十分喜爱它，每天不离手，紧紧握着，它又十分轻巧圆滑，拿起来十分顺手。
平日晚上无法入睡时，就拉着外婆的手来到阳台，坐在腿上，外婆拿着的那把木梳将我朵多的头发整理多，两人聊着天。
“可舒服？”“嗯！”“阿婆给你在把儿上刻个你的名字，可好？”“妈，极好！”渐渐地，进入了梦乡......十岁生日的那一天，我收到了这样一份特别的礼物，我高兴得捧在手里直跳，
“宝儿，你看是不是不一样！”慢慢长大后，我将收入了柜子里保存着，不过是因为就此一把，平日里不舍得用罢了。
这把木梳没有什么年代可言，但也算是陪了我许久，她对于我而言，也不再是个工具，而是儿时的回忆了。
“木梳有什么的？”“她呀......不一样嘛！”",2
2790,讲点技巧,"我们活着，要有技巧的话着，这样生活才会多姿多彩。
最浅显地来说，我们要掌握一些日常生活中的技巧。
比如，为了让我们在家时能更好的享受生活，我们要掌握一些做饭的技巧；为了让我们在外出时更好看，我们可以掌握一些穿搭的技巧；等等。
这些满足我们物质需求的技巧，都可以算作锦上添花，真正重要的在后面。
在生命中，精神需求往往比物质需求更重要，也更难满足。因此，我们需要一些能满足我们精神需求的技巧。
人之所以从众多动物中脱颖而出，主宰这个星球，是因为人类拥有更多利于生存的技巧，如直立行走，使用工具等；那么一个人如果想要从众人中脱颖而出，成为大人物，必须在精神世界有所强化。德国哲学家说：“理想的人物不仅要在物质需要的满足上，还要在精神旨趣的满足上得到表视。”可见，一个人满足自己精神需求的技巧很大程度上决定了他的生活水平。
那怎么才能get这些技巧呢？
这很简单，培养就完了，以放松休息为例，打游戏刷抖音是大多数人的选择，但有艺术方面技能的人可能会弹弹琴、绘绘画，有文学方面技能的人了能会写点文字，读首小诗，有体育方面技能的人可能会打打球、跑几圈，马克思写作累了还要做数学题放松一下。如果你也像成为这样有闲情雅致的人，就去静心来培养一些能让自己放松的技能和投巧，一定会颇有收获。
最后啊，我们人类过得是群居生活，处了帮助个人生活品质提高的技巧，这为人处事的技巧也必不可少。
楚汉之争中项羽为何失败，刘邦为何成功？项羽虽强，却则愎自用、狂傲自大，不懂得为人处事的投巧，才被知人善用，谦虚好学并得到韩信、张良、萧何等人辅佐的刘邦击败。
做为普通人，我们也会经常因为一句话说得得罪了人，而遭到失利。同时，我们的一些言语也会在不经意间给别人带来伤害。这时，掌握一些技巧就能避免这些情况。这就要求我们多设身处地地为他人考虑，并且多虚心接受别人的建议，不断提升自己的修养。这个技巧是我们融入社会生活的关键。
除了上述三种技巧，生命中其实随处有技巧。学习有技巧，吃饭有技巧，睡觉有技巧，是个事它都有技巧。俗语曰“技多不压身，我们掌握的技巧越多越广泛，我们的生活就越多姿多彩。
我们应多学、博学，不管做什么事情，都以认真的态度去对待，讲究技巧说都底，其实是我们对生活的一种认真积极的态度。",2
993,超越自己是最好的超越,"谷爱凌，似乎是一个传说级的存在。我们都说，要专心志致，一心一意的干好一件事情，这似乎都已经很难了。可是，有一个18岁的中美混血姑娘似乎违背了这个常理，她就是一一谷爱凌。似乎她只是一个优秀的运动员，不，她不仅是一个运动员，还是一个全美乃至全球都很历害的学霸，此外，她还是一个超模明星。
运动员是我们对她最熟悉的一面。2岁开始正始式学习滑学，3岁进专业队开始专业训练，9岁拿了人生中第一个全美冠军，而这才是刚刚开始。她不仅滑单板，还滑双板，她不仅滑大跳台，还滑坡面障碍和U型场地。她曾在6天内夺得3个冠军，在短短的十年中，她夺得了50多个世界级冠军。在这次的北京东奥会上，在女子自由式滑雪大跳台中，她成为了世界上第一个在比赛中完成两周空翻转体1440度动作的女性。比外她还夺得了冬奥会上的女子自由式滑雪U型场地的金牌和女子自由式滑雪坡面障碍技巧的银牌。在当今，似乎没有哪个人可资格说自己滑雪比谷爱凌强，没有一个人可以超越她，除了她自己，两周空翻转体1440度动作就是最好的映证。
在学习这方面，谷爱凌也是数一数二的。因为训累太忙了，所以她把握了一切可以利用的时间来学习。周五，他的妈妈都要带她去专业训练队训练，从学校到那里要4个小时，这4个小时，她就一直在车上看书，学习，没有一次报怨累。最终，她以全美高考第一进入复旦大学，她的分数离满分只有20分。
在十分闲的时候，她偶尔也会为杂志，品牌拍亿些几百万的“小单子”在她夺金之前，就有16家公司请她代言，总金额去税以后还有几亿元。
谷爱凌一直在超越谷爱凌，这是我们应该学习的。",1
4266,“云”游秦始皇陵兵马俑,"亲爱的游客朋友们：
大家好！我是今天的阳光小导游。我将带领大家寻访世界八大奇迹之一的秦始皇陵兵马俑，共同陶醉于中国古代帝王陵寝的宏大磅礴之势。
首先，让我来为大家介绍秦始皇陵兵马俑的历史。它位于陕西省省会西安城内，由中国历史上第一位封建君王嬴政所建造。在秦始皇横扫六国，称霸华夏之后，他秘密地动用了数以万计的民工和工匠在此地建造了自己死后的陵墓以及规模宏大的陪葬坑。也就是秦始皇陵兵马俑。
一入正门，便是一颗古老苍翠的大树。它枝干虬劲有力，高大挺拔，宛如一位镇守在诸陪葬坑前的披坚执锐的秦朝战士。
让我们继续沿着游览路线向前走去，前面是一个宽敞四方的广场。走上台阶，可俯视整个秦始皇陵兵马俑的建筑布局。位于东侧的两个辉煌精巧的建筑是第一、二号俑坑，中间的则是陪葬坑出土的各个青铜器、铠甲、珍贵的文物。其他目光所及为正在挖掘的俑坑。
走下台阶，穿过绿化带，进入一号俑坑的俑道，你们是不是感到周围的环境相比较于外面如桑拿房的高温更为阴凉舒适？这里远低于外界的温度是为了保护已挖掘的兵马俑。一眼望去偌大的俑坑，成百上千的人俑仿佛严阵以待，充满杀气的古代军队。有的人俑身披铠甲,神情严肃，有的手持兵戟，奋勇杀敌，有的半蹲下来，观察敌情，甚至有的张开嘴巴，大声呼喊......来访之人，无一不对精巧绝伦的制造技术赞不绝口，感慨于工匠超乎常人的智慧。
来到二号俑坑，虽然面积比一号俑坑少了许多，但更具时代特色。可以看到的是，这里的坑内建筑与一号坑相同，但布局更复杂，兵种更为齐全。是由骑兵、战车和步兵、弩兵组成的多兵种特殊部队。最引人注目的便是骑兵阵：青铜制的战车泛着阵阵寒光，令人感受到从未有过的萧杀和不寒而栗；奔腾的战马仰天长鸣，让人听到了从历史迷雾中传来的嘶叫和吼声；马背上的骑士张弓搭箭，使人眼前出现了密密麻麻的的箭雨。
最后前往陈列室，参观各类出土的文物。透过它们，我们能窥见那湮没已久的历史。正如美国国务卿基辛格所说：“能创造这个灿烂历史的民族，一定能创造出光辉的未来。”
今天的“云”游到此结束，感谢大家的参观！",2
1949,沙尘之源——对于韩国气象厅说法的反对意见,"近日，韩国气象厅称源自中国的沙尘暴造成其空气质量下降。
这种说法是错误的。
首先，沙尘暴并非来自中国，中国只是途经站。
沙尘暴是指强风把大量沙尘卷入空中，使空气混浊。通俗来说，它就是卷着沙子尘土的强风。所以，沙尘暴的形成必须有三个基本条件，沙源，干松的木质和较强的冷空气。亚洲地区较强的冷空气大都是自西伯利亚而来的，能吸到韩国的，应该是西北风，它途经俄罗斯和蒙古，之后才是中国，而与韩国相对靠近的东北地区大都是肥沃的黑土地，不干松，而且东北植被丰富，水土保持十分优越。所以，沙尘暴非在中国形成的。
其次，来自西伯利亚的强风会吹过韩国，但其中的风沙大多应该都在东北被挡住了。因为我国东北及内蒙古地区的防护林面积巨大，单内蒙古地区就有3.92亿亩的防防林，植被覆盖率高达41.6%，风沙在途经那里时大部分都会被拦下，对于韩国的影微乎其微。
还有，助长风沙最严重的国家应该是蒙古，蒙古过渡放牧，过渡开采寸草不生。水土保持极差，而且黑矿极多，有十分丰富的干松的沙源，而且，因为森林面积小，所以蒙古大部分地区风速可达20～24米每秒，造成了极大的沙尘暴，对于周边国家和地区都有巨大的危害，中国也是受害者。
最后，韩国气象厅认为沙尘造成空气质量下降，是片面的。因为影响空气质量的主要因素是该地区温室气体的排放量与采矿修路，这些大型露天工程的污源这类自然因素而非沙尘这类的自然因素。
所以，韩国方面的说法根本是无稽之谈。",1
44,那个小亭子,"或许情思已淡，即将忘却过去，忘却那所号称“永不忘却的校园。当它即将沉入记忆之海时，它被那个东西拉了出来，再次把它放在海面。而那个东西，正是小学的那个小亭子。
那个小亭子仿佛是一夜间长在那里的。暑假前，他还只是一堆不如用处的钢板钢架，而暑假后，他变成了一个棕红色的，富有文学气息的小亭子，要不是这个小亭子，我所热爱的小学校园可能真的像”亚特兰蒂斯”般沉没于我的脑海中。
再见那个小亭子，我已不再是小学生，而是一个初中生，在初中，我有更多的同学，校园里也有更大的亭子。但当我有一次和我爸爸开车去踢球时。路上无聊往窗外看去，而眼前的一幕却使我震惊——那是一个小亭子，和小学里的小亭子一模一样，还有亭子旁的小桥，小树，小石碑，都一模一样。这些东西，如精灵般将我拉回了小学那美好的回忆之中；
那些年，那在个亭子间，左手是学校的大门，右手边是那个小城门，而正前方，是那块巴掌大的小绿茵地和两栋小教学楼。我曾和同学们在那里无忧无虑地玩耍。那个小亭子，我们曾在那里排练过节目，曾在那里写作业，打牌。夏天，那是遮阳利器，也是避雨港；冬天，那是唯一的干燥，也是躲雪的佳地；追逐时，那是坚固的堡垒；学习时，那是安静的”书斋“。而这一切，都随着那张毕业证烟消云散。
上学时，曾因为不满于老师，不满于学校，渴望毕业。毕业典礼上，看这别的班泣不成声，我们班愣是一声没吭。而现在，只能看着那本毕业册和毕业照，独自流泪。
那铁造的小亭子尚在，也有人继续在里面玩耍，只不过已不再是那群人了，那群平凡又不平凡的人了。",2
2679,《窗外》,"上了公交车，坐在了窗边。仰望蓝天，那一朵接着一朵的白云在蓝天中飘荡着。这云彩变化莫测：一会变成了那美丽的蝴蝶，一会儿又变成了向阳的花朵，可爱极了。
车子开始移动，但那清翠的鸟鸣声却伴随这我一路。
到了第一个红绿灯，车子缓缓停下，只听见一声”冰糖葫芦喽；”吸引了我的视线，窗外，一棵高大的梧桐树下，一个白胡子老爷爷在那里卖冰糖葫芦。梧桐树叶在那空中不停地随着风跳舞舞姿轻盈，好像在吸引旁人那羡慕的眼光。他似乎乏累了，又不甘心地落在了老人的肩膀……
车子再次移动，此时那天上的白云都消散了，只留下那湛蓝的天空。
车子在果园停了下来，打开窗户，一阵甜甜的果味随着习习凉风充满了整个车箱。所有人都陶醉在了这个馨香的气味中了，我放眼望去，只见那满树开满了”花”的枫树站在那果园门，他在准备着为那些培育果园的人们献上祝福……
又来到闹市门。天空渐渐的暗了下来，而那闹市却灯火通明。大灯小灯都挂在那门口，仿佛那里还是朝气蓬勃的白日，热闹得很。那吸引人的味道。依旧飘了进来，它让人垂涎欲滴。从那窗户往外看出，人山人海，人们都喜欢热闹的地方，这便是一天中最繁华的地方……
天空像那母亲般亲切的双眸凝望我们。小溪在低声幽唱，鸟儿依旧发出着活泼的声音与小溪在那合奏，那花儿跟着大自然的音乐跳起舞来，那唯一的一盏路灯与这动人的音乐闪烁着，好似那歌舞厅里的灯光，却又没那么耀眼。
车子到了底站，我的思绪依旧还在这窗外的风景。它让我感受着每天的乐趣。它又让我见到秋天那丰收的景象,它让我听见了大自然的歌声……一切都是这么美妙。",2
2869,抓住花期，尽情绽放,"花开，花落。出生，死亡。生命似乎永远是无尽循环，生命的长河中似乎波澜不惊，无数青春年华尽数浪费，换来的只有一句白发时的叹息。谁甘愿如此？
有人说，“天生我材必有用，千金散去还复来。”是啊，古时的哲人不甘一生平凡地堕落，想着是金子总会发光，可也有很多人仕途不顺，难受重用，发出“念天地之悠悠，独怆然而涕下”的感慨。无数先贤古人都告诫后人机不可失，时不再来。
时机是什么？该如何把握？其实这两个字在每个人身上是不同的，正如每朵花有着不同的花期，有的花早在春天就已经争奇斗艳，有的在秋天留给人们伤情，有的则傲立雪中，虽花期不同，却给人留下了深刻印象，是季节的象征。这启示了我们时机是因人而异的，有的人年少成名，有的人在中年创下辉煌，有的人大器晚成。
年少成名，是天资聪颖。史蒂芬·霍金从小就十分聪明，同学用一个星期才做出了7道数学题，而他仅用一个下午便做出9道，从此一炮走红，随后的多年里，全世界都为他的黑洞理论而癫狂，从小便吸引了众人的眼球，他也称得上年少成名的天才了。假如他没能展露自己的智慧，没有把握好时机，或许他到死也只是一个轮椅中的残疾人。
中年，从不是油腻的代言词，三十，而立；四十，不惑。《战狼》的导演吴京，本来已经穷途末路了，但是在这时他毅然决定拍摄《战狼》走进了特种兵营，将全部身家押在了这部电影上，最终，他成功了，以逆天的票房一度成为热搜榜首，吴京也因此大红，成为了极具影响力的演员。有的时候，世界或许没有了光亮，前方的道路尽了，可抓住转瞬即逝的机遇，或许，柳暗花明，又一村。
大器晚成，是蜡烛燃尽前最后燃起的熊熊烈火。知名女作家曾在访谈中说道：“我听孩子们念了别人写的作品，虽然我不识字，但感觉他们写的没什么特别的，我也能写。”于是她开始识字，并口述给孩子们她的经历，让孩子们记下来，编写成书藉出版，她一个80多岁的老奶奶，却铸就了辉煌，昙花，开了。
所以，我们无需为找不到机遇与时机而困惑，我们应该做的是努力发展自己，天生我材必有用，是金子总会发光！只有你足够优秀，才能在属于自己的花期中尽情绽放。",2
1588,邓稼先,"一百年以前，甲午战争和八国联军时代，恐怕是中华民族五千年历史上最黑暗最悲惨的时代。那是中华民族任人宰割的时代,是有亡国灭种的危险时代。
今天，一个世纪以后，中国人民站起来了。这是千千万万人努力的结果，是许许多多可歌可泣的英雄人物创造出来的伟大胜利。在20世纪人类历史上，这可能是最重要的、影响最深远的巨大转变。
对这一转变做出了巨大贡献的，有一位长期以来鲜为人知的科学家——邓稼先。
邓稼先1924年出生在安徽省怀宁县。在北平上了小学和中学，于1945年自昆明西南联大毕业。1948年到1950年赴美国普渡大学读理论物理，获得博士学位后立即乘船回国。1950年10月到中国科学院工作。1958年8月奉命带领几十个大学毕业生开始研究原子弹制造的理论。
这以后的28年间，邓稼先始终站在中国原子武器设计制造和研究的第一线，领导许多学者和技术人员，成功地设计了中国的原子弹和氢弹，把中华民族国防自卫武器引导到了世界先进水平。
1964年10月16日中国爆炸第一颗原子弹。1967年6月17日中国爆炸第一颗氢弹。
1971年8月，杨振宁在北京看到邓稼先时，避免问他的工作地点，他自己只说“在外地工作”。但杨振宁曾问他，寒春是不是参加了中国原子弹工作，他说他觉得没有，但是确切的情况他会再去证实一下，然后告诉杨振宁。
1971年8月16日，在杨振宁离开上海经巴黎回美国的前夕，上海市领导人在上海大厦请他吃饭。席中有人送了一封信给他，是邓稼先写的，说他已证实了，中国原子武器工程中，除了最早于1959年底以前曾得到苏联的极少“援助”以外，没有任何外国人参加。
戈壁滩上常常风沙呼啸，气温往往在零下三十多摄氏度。核武器试验时大大小小突发的问题必层出不穷，邓稼先虽有“福将”之称，意外总是不能避免的。有一次，爆炸失败，零件被炸碎了，核心也炸没了。工作人员怎么也没找着，最后还是邓稼先挺身而出，自己却因受到核辐射而身患重病。
1986年7月29日，邓稼先因全身大出血而逝世。
“鞠躬尽瘁，死而后已”正好准确地描述了一位英雄的一生。",1
2844,与吴用为友,"“友”一字的定义可以是情投意合，可以是才华互相吸引，而最高境界，莫过于肝胆相照，托付生死。
《水浒传》中英雄豪杰备出，忠心如李逵，仗义如宋江，武艺高强如卢俊义，值得结交之人比比皆是。但若我而言，定会执意选择吴用为友。
虽说吴用名字与“无用”谐音。可论他是对梁山泊贡献最大的也不为过。他为宋江一次次指点计策，屡获成功。吴用最令我欣赏的一点便是聪明机敏。在“智赚玉麒麟”的情节中，他的才干可谓表现得淋漓尽致。卢俊义生活安定每满。如何说动他上梁山？吴用巧扮成算命道士，前来拜访，几句话就使其担忧起来自己倒底有何灾祸，顺利落入圈套。为了引他进入梁山泊境内，吴用又立即安抚，告诉他只要往南便可避灾。临走前，他又使出点睛之笔，让卢俊义在墙上写下四句话——一首藏头诗：卢俊义反，成功阻断他的退路。此等贤才，令人赞赏不已。
吴用作为108位好汉中不多的读书人，考虑周到细致。“智取生辰纲”在筹备之时，他拉拢阮氏之兄弟入伙，明知他们都很可靠，但还是小心谨慎地设了一点计谋，检验他们来完成这样一项大事是否靠得住。有一友如吴用，颇可受益。
在《水浒传》中，有关吴用的情节多会加上“智”一字，他的头脑之缜密一目了然。而他为何在排座次时列为第三？还要说说他的“忠”。
有人道吴用心机颇深，是假忠，其实并非如此。他的忠不同于李逵那样的鲜明、盲目忠诚，但在细节中将他无言而真心的忠一览无余。他支持着宋江，甘愿为他辅佐事业，献上自己的才智。最壮烈的便是他在第一百二十回中落下的唯一一次眼泪，祭奠自己一声跟随的宋江，与花荣一同在其坟前自缢。这便如我所说，达到了朋友的最高境界。
与吴用为友，足矣。",1
1808,“朋友“的含义——读《傅雷家书》有感,"”朋友“这二字有什么含义？代表了什么？我带着疑问翻开了《傅雷家书》，找寻答案。
在一九五四年十月的家信中，朋友是亲情，是母亲对傅聪无声的爱。“要加添衣服的时候，只要看看衣服账，不要偷懒，波兰是较冷的，恐怕现在已是很冷，应该多穿些毛衣了”“我不愿意剥夺你睡眠的时间，因为睡眠对你太需要了”傅聪的母亲温柔细腻地叮嘱傅聪，小心呵护着他，将昔日自己从生活中积累的经验告诉他，用母爱笼罩着他。
朋友是知音，是父亲对傅聪无声的教侮。“人一辈子都在高潮低潮中浮沉，惟有庸碌的人，这生活才如死水一般。“他教导儿子。“我相信你逐渐会学会这一套，越来越坚强的。“他鼓励儿子。傅雷将自己的感悟，自己对音乐的热爱带给傅聪，与他一起交流，和他一同欣赏，才使得傅聪这么有成就。
朋友是陪伴，是父母对傅聪无声的牵挂。“近来爸爸身体较弱，精神很差，每次的流行性感冒，他总逃不了，伤风一来，就得几星期受罪。“父亲得了病，却仍坚持以书信的方式陪伴着儿子，思念着儿子，而傅聪，如果不是接到了母亲写的信，他根本就不知道父亲已经病了，身体已快受不住了。
朋友亦是安慰，是傅聪对父母无声的思念。”你的信是我们惟一的安慰，每过二星期就在盼你的信了。”傅聪在海的这边，父母在海的那边，相隔千里。他还能带去什么呢？能给他们的只有他写的信和无尽的思念罢了…...在我与父母的一次次争论中，总是在想，我该以什么身份和他们共处呢？或许，傅聪和傅雷的关系就是我找寻到的答案。虽然我不能和父母成为朋友，但是，我可以不将委屈憋在心里，大声地说给他们听，像傅聪将心事告诉傅雷那样。
读完这一封家信后，我找到了我要的答案。朋友就是在你哭泣时鼓励你；在你成功时陪伴你；默默无闻地一直支持你，到永远。",2
2846,危难之时，心怀不惧,"最近这些天，网络热词不外乎是“饭圈”“内卷”。而人们关注的是“我家xxx明星太可爱了！”“我家xxx可不能受伤呀！”“哥哥最帅了！”“吃个桃桃，好凉凉！”身处于互联网中，我不由差异：“你们家”哥哥有这么厉害吗？所谓的英雄气概又在哪里呢？
英雄这个词有很多种的解释，但万变不离其宗，英雄便是在危难时刻内心不畏惧，勇敢面对困难，拯救了他人的人物。怎样才能成为英雄呢？
首先，要有坚定的意志。如果一个人是动摇立场的，则没有了成为英雄的资格。看古今英雄，古时，常山赵子龙为救刘婵，在长坂坡曹军中七进七出，铤而走险，护后主，将自己生命抛于脑后，在危难之中，他仍未放弃孩子，彰显王虎上将威名，再看现如今中国机长刘传健，于苍天之上驾驶空中客车，在面对驾驶舱窗户玻璃脱落，客舱释压，气温骤降，副驾驶失去驾驶能力时，仍稳定了内心的情绪，成功迫降。惟坚定，方可展露英雄气概。
我举赵云和刘传健的例子，是为了既说明古今都有英雄存，又说明无论你的身份是像赵云那样的大将军，还是如刘机长一样的打工人，都能够称为英雄。
其次，要有行动的决断力。不能够遇事虽知如何做，却害怕做。如果当初李逵没有奋起救下宋江，或许梁山泊便不再有好汉聚集了，如果钟南山院士没有第一时间赶去武汉控制疫情，或许新冠病毒会仍困扰着人们的生活。总之，当我们有了坚定的意志后，一定也要果断，这才能及时挽回局面，成为英雄。
最后，要学会忍耐，英雄从来不是热血的代名词。邱少云，为了不被敌军发现，宁愿被熊熊烈火活活烧死，他也因此被众人称赞，时至今日仍有许多人称述他的功德，将他视为崇高的英雄。
英雄，真的是一个简单的名号，但想成为英雄从来不是一件简单的事，让我们一起努力，成为属于自己的英雄！",1
1211,公园的春天,"早春，我去公园踏青，被正在复苏的大地震惊了。
一入公园，阵阵绿意透过眼睛映入脑海；淡淡花香飘入鼻腔泌人心脾。走近些，生机勃勃无处不在，一朵郁金香，在大地生根发芽，它要摆脱冬天寒冷的束缚，拼尽全力张开全部花瓣；一只小蜜蜂，在花朵间穿梭飞行，在这朵花上呆一会儿，再飞到别的花朵上，最后又飞回来......仿佛在与伙伴玩捉迷藏的游戏；一簇蒲公英，白的花球，青的枝干，在微风中摇曳，它们在等待出发的号角，开始奇幻的旅程。
风儿变大了，蒲公英白色的花球果然被吹散，变成小小降落伞，向远方无垠的田野里飘去。一群小孩跑进了我的视野，他们跳着闹着，脸上的笑容灿烂的像花朵一般，伴随着孩子们的，还有那串串发自内心，无忧无虑的笑声。迎着和煦的春光，孩子们不见了，他们也变成了新开的花朵和顽皮的小蜜蜂，在花丛中穿梭。也许，只有活泼的孩子才能真正让人们忘记冬天的凄冷。
我突然想起了2020年的初春，每每坐车路过公园，花儿依旧艳丽，蜜蜂依旧繁忙，蒲公英也在微风中开启了属于它们的春之旅行。可是孩子们的欢声笑语在哪里？赏花人的身影在哪里？一切虽然美丽却还是有冬天的凄冷。人们因为疫情都不敢走出家门，欣赏美丽的春景。
此时，我的目光不由自主的望向公园大门口，那些不知疲倦的白衣天使，正在认真地给每一位游客测体温，做登记，我的眼睛湿润了。他们才是真正的春天使者，带领我们冲破寒冬的囚禁，让大地恢复原本的生机勃勃。
瞧！孩子们更欢乐了！蒲公英飘的更远了！花儿开得更艳了！白衣天使把我们带进了真正的春天。",2
2248,门东记,"一缕凉风拂过，夹杂着泥士的气息。一场雨后，万物一新。
最金陵是城南，最城南是门东。
清晨，云遮阳，天阴凉，金黄灿烂飘落地面，为行人铺上华丽金毯。风吹，叶散，如天女散“花”，仙境般美好。树叶凋零，枝头光秃，秋的凄凉与荒芜。
老门东两边内小店还未都开门，路上，游人稀疏，或且厌倦秋冷，或是懒得出门。只可惜，没有观上属于秋天的独特风景。在无阳的情况下，依旧这么美。
枫叶火红，为秋的黄，又增添了一抹色彩。在水滴下更加红艳诱人，游人匆匆，进出店家，纪念品只是代表来过，并非看过，感过。
他拿着照相机，穿过小巷，追寻秋迹，到处都是秋，但他不同，他在找寻秋的缥缈，是如梦如幻，在小吃店前烟雾朦胧的树、院被一一拍下，这仿佛不像老门东，像在悬崖之上挺立的傲树，云雾遮拦，却越发灵动。它化作一位古装女子，身养素纱，亭亭玉立，腰间红带随风舞动。我看得入迷，忽觉，这生活的曼妙，在老门东的秋天里显得愈发动人。
时间流淌，转眼正午，阳光普照，水滴蒸发，天空万里无云，突觉，有些寂寞孤独。他照下的云，树，人，景化为须有，只留存在了相机，莫感失落惋惜。
人声喧杂，来往如潮，手拿小吃，不亦乐乎。谁又在清晨，那人车不闹，宁静清妙来呢？转瞬间，物是人非。他离开了，但仿佛还未去，或许是他在照下所有美景专注的眼神，缥幻的背影留下了深刻的印象。
黄昏，夕阳以它最后的余晖，创造了这永恒的美，何时人清，再来观之。
清风徐徐，如水的月光，四边的灯光与喧闹，打扰了这幽静清凉。那婉转空灵的音符，优雅且美好。
最金陵是城南，最城南是门东。",2
3202,水浒108好汉是真英雄吗？,"答案很明显，水浒108好汉并非都是真英雄。
首先，我们应该区分清楚“好汉“与”英雄”。”好汉一般指敢作敢当、重情重义的男子。水浒传中不乏这样的人物，例如青面兽杨志，他在杀死泼皮牛二后，并没有选择逃避，而是为了不脱累别人选择去开封府衙自首；行者武松，在鸳鸯大开杀戒后，却在鸳鸯楼上留下”杀人者，打虎武松是也”；而董超、薛霸在林冲发配沧州途中百般折磨，计划着闭水火棍打死林冲时，林冲的好兄弟——花和尚鲁智深涎身而出大闹野猪林，救下了他……这些人物身上都闪耀着“好汉”的精神品质。
但我个人认为“英雄”应当是舍小家为大家，为民造福的人。历史上的英雄有很多，大家耳熟能详的岳飞就是其中一位。岳飞是南宋杰出的统帅，当时北方的金兵出兵攻打宋朝，烧杀抢掠。从小就立志报国的岳飞从军入伍，决心反击侵略，收复被金军夺占的土地。他训练出纪律严明，英勇善战的岳家军，在和入侵者的斗争中，屡建战功。他为民族谋取和平幸福，为百姓谋得良好的生活环境，称得上是真英雄；而与之相比，水浒传中的一些人物的格局就显得较为狭獈了。前文中提到的武松性格也有缺陷，武松遭张都监陷害，被刺配恩州。后知道自己受诬是蒋门神勾结张都监一手策划后，武松回孟州城到鸳鸯楼上，举刀就砍，杀死了几个仇人。虽说蒋门神等人狼狈为奸、恶毒虚伪，但武松终究是为了个人利益报仇，且在报仇过程中伤及无辜。这点也证明武松并不称得上是”真英雄“。108好汉中称得上”真英雄“的少之又少。
既然如此，为什么梁山好汉们会得到人们的称赞呢？原因在于他们身上的仗义，敢于反抗的精神，是在当时朝庭腐败无能、社会动荡不安的大背景下十分难得的。他们身上或多或少会有阶级局限性，当时的社会也只能通过暴力的方式改变。这是不可避免的。而我们更应该关注他们的闪光点：宋江的仗义疏财，吴用的足智多谋，鲁智深的勇敢刚硬，都值得我们学习。
时代在更替，且人无完人，对于水浒108好汉，我们应当理性思考将他们的事迹特点与社会环境相结合，理解，学习，只有做到辩证看待，才能看透事物的本质。",1
2110,做人不庸碌，低潮不颓废——读《傅雷家书》1954年10月2日书信有感,"人生中最幸福的事，莫过于有一个时时、事事为你着想的人。
这部呕心沥血的教子篇中，傅雷1954年10月2日写给傅聪的信令我印象最是深刻，我懂得了遇到挫折时的应对策略。
“人一辈子都在高潮一低潮中浮沉”一点不错，有起有落的生活才充满趣味，也更有意义。傅雷先生在儿子历经挫折时与信宽慰，也就是低潮时。读此金句，我脑海中浮现我遭遇困难时父母担忧的面容，那皱起的眉，关切的目以及微抿的嘴是我无法忘怀的。也正是想到这些，我才能像报上一件刀枪不入的铠甲般，突然间无坚不摧，无所不能。
一个人唯有敢于正视现实，正视错误，用理智分析，彻底感悟，终不至于被回忆侵蚀。”这句话铿锵有力，我感到了一股力量，力透纸背！傅雷先生一字一句出本心，教导儿子坚强，勇敢地面对挫折，面对错误，面对失败。”犯错不可怕，但唯有反思，感悟，总结才可避免。”这句爸爸不时在唠叨着的话声声回响。是啊，吸取经验，总结教训，付诸实践，便是以免重蹈覆辙的三步曲，放心，爸爸，在我这，您声声有着落，句句有回应！
“心中没有的人，再经名师指点也是枉然的。”庸碌的人生活如死水，但做不做这样的人，先全取决于自己。傅雷先生在最后点明这一点，告诉傅聪，也告诉我们：他人的引导固然重要，但若自己不努力。一切皆是徒劳，师傅领进门，修行靠个人。反观生活也是这个理，自已一意孤行，任凭他人苦口婆心，也毫无成效。犹记每次我不耐烦父母的“忠言”，觉得“逆耳”便反其道而行之，次次都一败涂地。
烽火连三月，家书抵万金。
生活便像一朵花，我们人生中遇到的事就像生命之花上的花瓣。一片两片三四片，片片皆风景……做人不庸碌，低潮不颓废，想要生活廓然无累，先要自己问心无愧！",2
4258,云游鬼脸城,"亲爱的旅客朋友们:
大家好，我是今天的阳光小导游新新，带领大家寻访南京的鬼脸城，并感受那个混乱的年代。
与其他的城墙不同，鬼脸城有着自己的脸，自己奇特的形状，与众不同的外貌。
一入正门，远看鬼脸城，就可以看到近四十米的城墙，城墙上有不同的颜色，大致分为两种，红色与灰色。不知是有意或是无意，那些红色的城砖拼成了一个鬼脸。脸为一块长方形，向外突出，眼睛向内凹，没有眉毛，感觉一股杀气袭来，两眼直勾勾的看着你，第一次看到它，总会有一股凉气爬上背
向前走，绕过一个小湖，来到城墙下的一条有井盖铺成的小路。据说若拿着放大镜仔细观察城墙，我们可以看到每块砖上的人名，如果哪块砖掉落，便可追究到人。当我们用手触摸这坑坑洼洼的砖头，里面有一个个小洞，圆润而光滑。你们猜猜这是什么？没错，这是一个又一个的枪眼，是敌人来侵犯我们领土留下的证据和痕迹，抚摸着他们，我们好像能穿越回那个战火纷飞的年代，一看望去，秦淮河里飘着死尸，到处都是血流成河，熊熊焰火烧的植木寸草不生。凄惨的呐喊，拼命的奔跑，脸上的泪痕，眼里的无神，喊废的嗓子，无助的未来……一枪的子弹，擦过脸颊，射在城墙上，把我们带回了现实。
鬼脸城之惨烈，“云上”方能半窥探。尽管云旅游能看到城墙的弹眼儿，但若要真的感受到那个疯狂的年代，惨痛的时代，要品味中华民族所受的灾难，还是得亲临其中。
今天的云游旅游就要画上圆满的句号，愿大家永远记得鬼脸城之痛，我们鬼脸城再会！",2
2066,参观黄山 ,"有道是“五岳归来不看山，黄山归来不看岳”。在有幸登顶黄山之后，我才真正领悟到这句话的精妙。
清晨，我和父母从山下的旅馆出发。一踏上山路，我就感到一阵清凉。一块块黛绿的石板被嵌进泥土中，层层叠叠，排成一条蜿蜒的登山小道。天空被绿荫所遮盖，头顶不时传来几声悦耳的鸟鸣。山风从林间穿过，夹杂着花草和泥土的香气，沁人心脾。石板向上延伸着，望不见尽头。登山杖敲击石板，清脆的声音在山间回响。“蝉躁林逾静，鸟鸣山更幽”这句诗蓦然浮现在我的脑海中。
行过一段路，我们就坐上了缆车。鸟瞰下方，奇石耸立，青松缀点，云蒸雾绕，蔚为壮观。我注意到一块形似石桌的巨石，旁边还有几个稍矮些的，仿佛是石凳。仙人是不是常在这里共饮，欣赏山间的美景呢？
下了缆车，还需要步行一段路才能到山顶的宾馆。沿途我看见了许多挑担夫。他们没有缆车坐，从山下一路挑着扁担上来。累了就放下扁担，喝几口水。拿脖子上挂着的毛巾擦汗。这时对他们说一句“辛苦了。”便会听到他们爽朗的笑声，仿佛自己也是来这里游玩的游客。
到了山顶的宾馆，与其他宾馆不同的是，里面的肥皂，牙刷都是要付费的，因为它们都是人力一趟趟运上来的，我不禁对挑担师傅产生了深深的敬佩之情。他们一年四季，不论风霜雨雪，脚步都是那么坚实有力。仿佛黄山的松树，没有土壤，它们以石为母，顽强地生长在石缝中，不畏严寒酷暑。为飞鸟提供一个歇脚。为游人洒下一片绿荫。沉重的扁担并没有把挑担师傅压倒，崎岖的山路没有使他们止步，它们是将高耸威严的黄山所征服的人！
稍作休息之后，已经接近傍晚，虹霞垂天，云海翻滚。云无心以出岫，鸟倦飞而知还。我因被黄山的美景所震撼，被征服自然的人类所震撼，心情久久不能平静。",2
655,这样的人让我钦佩,"在钦佩的字眼里也意为着敬佩与佩服。在那茫茫人海中，有的人逃离疾病，逃离工作，而在这些人做不正经的事时，有一批人，身着白大衣，他们一往直前，无私奉献的向前奔跑，而他们就是我钦佩的人，而他们被称为“最美逆行者。”近年，疫情来的突然，这些白衣战士正当在家吃着团圆饭，可是因为疫情他们不得不前战斗的前线，并且又身为白衣战士，因此必须得去。当他们第一时间敢往武汉疫情重灾区，据当时相关资料所说，医疗援助人员已经过万人前往武汉。其中有年老84岁的钟南爷爷以及勇往直前的医护人员。这他们奋不顾身的精神品质值得我们钦佩。
在治疗患者的时候，那些医护人员穿着防护服、防护面具以及防护手套。在我看来，他们就像天使一样，即将前往战场，带有勇于拼搏的精神向前迈进。而在电视机前坐着他们的家人，当他们看到家人时一定会有无私奉献，百战百胜以及早日恢复城市的疫情情况，因为白衣战士还有他的家人在等待着他的归来。
千钓一发，医护人员治疗病人时，脸上的汗水一滴一滴的往下流，我看出了他们的疲备与坚苦，可他们是不可以离开战斗的一线，因为没了他们，可能武汉的疫情会迟续下去。
每当接待到一位病人，白衣战品之士们将会加快自己的步伐，将病人推进医院中，他们奔跑的速度如同跑“50米”一样，我看出了他们的时间很紧，每分每一秒，他们都没有松懈过。而在战斗的过程中他们除了吃饭时那一小伙儿时间，其它时候一直在战斗疫情，如果是我可能已经疲备的倒下，而他们却有着坚持的精神持续下去。
白衣战们在战斗的过程中一点也不孤独，他们给予了我们希望，而疫情也快被他们消杀。
他们就像黎明的那束光，会越过那片黑暗，打破所有的恐惧，他们逆着光驱散那片黑暗，向着风拥抱那温暖而明媚的彩虹！
这样人让我钦佩。",1
1759,微躬,"以前，从后面看，父亲的背宽大，结实，能为我挡住一切风雨；现在，父亲（好像）不像以前那样，抑或是我长大了，他的背也弯了。
从我家到地铁站有一段距离，无论是我去上课还是看书，父亲都会骑电动车送我过去。（夏天的时候，我坐在后座，父亲的背为我挡开前的风，只有我的脸颊能被风轻拂；）冬天，我穿的厚厚的，戴着手套，扣着帽子，他却只穿一件棉袄，却依旧能为我挡住寒风。每次从车上下来，父亲的脸都被寒风吹得通红，眼睛里还有泪光。我总让他戴顶帽子，他却说那样影响视线，不安全。
一如既往的每一次，今年我也裹着两三层衣服，跨上电动车。可越骑我就越冷，风不住地打着我的脸颊，我把脖子缩到衣服里面，躲在父亲身后。“冷吗？”他突然问我。我一愣，半晌没有答。“还行。”他也没再问我，我坐在后面，看着父亲的背。和以前一样，但好像又不一样。父亲的背渐渐弯了下去，他没有以前高大了。是他老了吗？他的背为我挡了十年风雨，现在挡不住了吗？
我又猛然看见了他头上的白发，不多，但我依旧能看见。“爸爸，你以后别用电动车送我了。”父亲一顿，没说话。
“天太冷了，会生病的。”我又补充道。
“那你下次穿厚点儿。”父亲的语气很平静。
你也会生病的。我心里想，但我没说出口，怕影响父亲骑车。
我长大了，他却老了。微躬的背为我挡住无数风雨，根根青丝连结我的现在和过去。我无法一直依赖父亲，他不能为我挡住所有风雨，可是即便他已无力也会尽力。
微躬的背。
飘落的泪。
我终于懂了他。",2
830,“熊大“二三事,"”熊大”是我的小学同学，鼻梁上架着一幅方形黑框眼镜，手整天背在后面，活像一个老干部。他姓熊，却不“大”反而看起来十分瘦弱，文邹邹的，“大”也是希望他能长得高大强壮些。
别看“熊大”像个知识分子，实际上他也是个十分搞笑的人，特别喜欢和大家讲冷笑活。
记得有一次下课，我闲来无事，环顾班级四周，就看“熊大”的周围聚集了一圈人，吵吵嚷嚷的，我也起了好奇心，便走过去，挤进了人群中，就听“熊大”说道：“再给你们讲个冷笑活吧！”只见他双手抱胸坐在座位上气定神闲。
底下立马有人附和：“来！”“熊大”抬手示意安静，底下立马就安静了。他接着说道：“从前啊，有一只红螃蟹和一只黑螃蟹赛跑。结果呢，毫无悬念，黑膀蟹率先到达终点线赢得了比赛，可红螃蟹还在起点，一步未动，这是为什么呢？”这话一出，底下就份纷有人开始猜测，有人说红螃蟹太懒了，有人说黑螃蟹腿长。总之什么猜测都有。
不管底下的人怎么讨论，“熊大”始终都生在座位上，什么话也不说。
直到底下的人安静下来，“熊大”才神秘一笑，随后发出了魔性的笑声：“哈哈哈！都不对。你们也不想想红螃蟹为什么是红的。红螃蟹是被煮熟了的螃蟹呀。一只螃蟹都被煮熟了，还能动吗？”虽然“熊大”讲冷笑话时很搞笑，但他也是个很正直，很爱国的人，比如：去年元宵节时，印度侵犯我国边境，好几名战士壮烈牺牲，他知道这条消息后，就在班里与我们批判印度的恶行，他也十分喜欢了解中国共产党史，还有抗日战争的事情，像《仈佰》《长津湖》等这样宣扬我国抗日精神的电影他都很爱看。“熊大”既是给我们班增添了许乐趣，也宣扬了爱国精神。这就“熊大”。",2
2135,傅雷对儿子的爱,"《傅雷家书》是翻译家傅雷在儿子傅聪出国留学期间写给儿子与儿子交流的书信集。在傅雷写给儿子的每一封信中，都包含了他对傅雷的爱与教导。
在读完整本书后，我知道傅雷拥有着独立人格，一开始不是一个好父亲，和“慈父”两字没有什么关系，是一个严肃，暴戾的人。但曾在一封信中，他向儿子道歉“孩子，我虐待了你，我永远对不起你！”傅雷意识到了他对儿子的教育过于苟刻。傅雷的这种自我反省敢于承认的待度十分可贵。
傅雷虽教子严厉，不善言辞，但他内心深深地期望把自身经验传给儿子，让儿子不走自己走过的弯路。
傅雷为了教育儿子成为一个有教养的人，特别在意细节上的教育。当时傅聪已经是一个成年人了，傅雷却向教育小孩子一样，教他“不要在脱帽着只留下外套带着围巾”“吃饭的时侯不要用刀叉相碰发出声音”“与别人说话的时候要注意待度，语气”这些行为都是很容易被忽略的但是傅雷注意到了，而且还举出了相应的例了，体现出他对儿子的用心之深。从这些教异中，我也受益匪浅，在生活中要礼貌用语、尊重他人。
傅雷也十分关注儿子的生活方面，他对儿子的婚姻非常重视。他拿出自己的经历作为例了来向儿子说明，不惜剖析自己，承认对儿子的错误行为，甚至借此与儿子道歉，这种道歉方式是十分难得，开明的。
傅雷经常与儿子谈论艺术。信中，傅雷多次让傅聪借写信来梳理总理自己的演奏和学习心得，而他自己也是如此，不管是看了一本书，翻译了一篇文章，听了一段昆曲，还是在会议上学习了新的理论，一旦有所感悟，就会写信与儿子分享。
这本书让我感受很深，我从字里行间看到了一位严厉的父亲笨拙的表达自己对儿子的爱。也明白了很多为人处事的道理和价值观。最重要的是做任何事，最首要的是先学会做人。",2
2226,两地书，父子亲,"初二这下半个学期里，我读《傅雷家书》，这是傅雷写给儿子的信编纂成的一本书。这些信里，表达出傅雷对儿子的挚爱，期望和对国家和世界的高尚情感，同时也对我有了深深的启发。
傅雷作为一个父亲，教育儿子没什么问题，但这就像我一样，没次犯了错，都不和父母交流，并且傅雷和儿子相隔的很远，所以不得不以书信的方式交流。因此我懂了要学会和父母交流自己的感想。可能口头上会说不出感想，但是也可以找不同的方法，比如说写书信。以书信的形式，可以表现出真挚的感情，能够放心大胆的写出内心的感想，并且，语言通俗含蓄，能够体现出浓浓的亲情。
我们可以跟父母先讨论自己喜欢的事，将学习放在第二位。学会处理爱好和学习之间的关系，从而将学习和爱好并列提升。
在学习和爱好之前，我们要先学会做人，在生活的点点滴滴中，我们要先学会关心他人，不撒谎，和别人出去，一定要守时。还要遵重身别的人，不要看不起人，也不要被人看不起，做好自己就行。
我们要及时与父母讨论现有的问题，并且让父母给予帮助并且从新的思想上指导我们，让我们在成长中获得新的感悟。
我们始终要听父母说的且正确的话，因为从出生开始，父母就是我们的第一任教师，父母不管在什么时候，心中永远凝聚着对祖国和我们的爱，因此，我们也应该有同样的感想，不管身处何地，心中都要怀有祖国，父母期望我们能够长大成才，我们一定不能幸负他们，因为所有父母都有望子成龙的心，①在和父母的交流过程中，父母可以向我们提出一点小小的建议和意见，同样，我们也可以向父母提出一小点建议和意见，这样可以促进家人之间的感情。",2
1119,蒋老师的二三事,"我第一次见到蒋老师是在初一入学的第一节数学课，上课铃一打，一个身穿蓝白西装带着一副黑框眼镜的“人类高质量男性”走了进来。他板着一副严谨的脸和那十分老套的自我介绍，让我对他的印象是一个高冷的人，但在相识之后，我作了他的教学课代表，我们的交往就渐渐多了，这让我打破了原先对他的认识。
凡是同他交往过的人，无不会被他的搞笑，幽默而笑到停不下来，前些天，我们在上数学课，学到了二元一次方程的应用题，由于我们是刚刚学习，他为了让我们更容易理解，往往会做一些奇奇怪怪的比喻和动作，惹得我们捧腹大笑，例如：“你们可以I把这两个方程看做这一坨减另一坨。“蒋老师不尽嘴上在讲，手上还做着动作。再加上他那奇怪的语气，不禁让我们哈哈大笑。有时，他为了化解他的尴尬，也会说一些小笑说来化解一下这尴尬的场面，例如，我们在上课，他画了一个表格上面写上数字，当我们发现了他的数字关系搞错了，但他自已没有发现，我们就会指明错误，他就笑笑说，“哦！这是一个错误示范，你们不要学习也不要模仿。”说着还用手去挠挠他十分茂密的头顶。
除了课堂之外、日常交往也是一样幽默风趣。例如在他早上巡逻时，路过我们班都会在来转一转，临走之前不忘说一句；”打扰了，读的真好。“说着冲我们做了一个拱手谢谢动作。
以上说待人幽默风趣是蒋老师的一面，他也有严的一面，例如在他开年级大会时，他没有平日里的幽默而是十分的严肃，他会一字一句的提醒学生要干什么，也会严历的批评那些犯了错的同学，但他都是为了我们好。
蒋老师，我常常想起他的幽默，也会想起他的严历，也懂得了他的良苦用心。",1
3205,人生当如好花绽放,"时下世界，众领域成就斐然，也许我们会迷茫：“我的人生就只被淘汰了？”其实不然。人生当如好花绽放，各有千秋。
每个人的人生不会相同成功或许有早有晚，但都不会一事无成。于此，当年李白狂言“天生我材必有用”，毫不顾忌自己身逢低谷，心仍在翰林京城。他是早就早退，却未忘初心；姜太公晚时垂钓，幸得武王重用，大器晚成，也无谓前半生的漫长等待。这是他的光彩。若是把李白和姜太公分别比作好花，虽属不同类，然得盛放果，本质上是一样的。
所以我们应当时刻提醒自己，“众里寻他千百度”，我即是花，与名人并无异。我们现在不出名，却也不平庸，我们还坚信，我做好一个学者，与他名垂青史是一个样，我做好一个本职工作，与他万古流芳是一个样。我总有一天，也会成为他们那样。事实上，“三百六十行，行行出状元。”我们都有独属于自我的闪光点，能够立足于世，也一定可以实现自我的价值，如期而至，花自放。
那么，我们应该怎么使自我价值得到体现，更接近自己的理想呢？
要坚信自我。“条条大路通罗马”，数学天才高斯儿时坚信他的正十三边形的论证，终得到世人认可，他正是坚定了自己的正解，实现了数学领域质的飞越。
要不懈努力。“大厦之成，非一木之材也；大海之润，非一流之归也。”邓稼先隐姓埋名多年只为研究中国的两弹一星，在条件极差的情况下，依旧让中国的航天事业向前迈了一大步，从此挺立起来。我们应该从中汲取精神的鼓励，不断奋进。
要勇于创新。将自己的闪光点发扬，就要有所创新，有所突破。每朵花有其独树一帜的地方，正如每个正在努力的人，也应当有鲜明的特色。
“苔花如米小，也学牡丹开”我们何不行动起来，不论是“有志者，事竟成”，抑或“文章可立身”，请让自己去实现价值，让人生如好花绽放，“待到山花烂漫时，‘你’在丛中笑”。",2
1936,倒垃圾,"“我的卡呢？”探手在口袋里摸家着，不过巴掌大小的地方，却空空如也，我暗叫不妙，又将手伸入裤子的口袋，霎时间，冷汗便细细地从我手心渗出，经过再三确认，我只能无奈地接受这一事实：我的门禁卡不见了！
想起事情的起因，真是令人哭笑不得。晚饭之后，妈妈来到我的房间，说:“去南门把垃圾倒了，给你五元钱。”“十元。”我讨价还价。“成交。”妈妈递给我一张崭新的钞票，我“噌”地站起来，戴好手套、口罩，拿着门禁卡，提着两大袋垃圾冲下了楼。
刚到一楼我就后悔了：天早就黑了，雨天的夜空泛着一层暗沉的腥红色，夹带着赭石的红综色，显得分外诡谲。那黑酸酸的树影，在这样的夜色下隐隐约约，看不太真切。天上仍在飘着矇矇眬眬。如同雾一般的细雨。那昏黄的灯光，从草丛间透出，非但没能起到照明的作用，还更加使人心惊胆战了。我咬咬牙，冲进这浓稠的夜色之中，只希望能够快些倒完垃圾了事。
可惜，事情并不像我想得那样简单。
待我仔细地分类扔进不同的垃圾桶，并将手上的一次性手套也去进桶中之后，才意识到件事情——我一路抓在手里的门禁卡，不见了!明明刚刚出南门时还刷了卡呢，目测二十米的距离，怎么会丢了呢？突如其来的变故令我心慌意乱，不停地翻找着衣服的各个口袋。“小姑娘，你在干嘛?”一个声音传来，吓了我一跳。转头看去，原来是负费整理分类垃坂桶的保洁人员。是个老爷爷，稀疏的白发已然遮盖不了头顶的几寸皮肤，眼角、嘴角深深的褶皱也仿佛枯败的树皮。他手中提着翻垃圾的夹子，穿着一身蓝白条纹的衬衫。“我的门禁卡不见了。”我慌张地说：“刚刚出南门时还在的，可能、可能是掉进垃圾桶里了。”""别慌，我来着你找找。”",0
3114,想和做,"成功人士一般具备哪几个必不可少的条件？纵观古今中外，不同行业的精英的事例都告诉我们，要想成功须有宏大的想法和超强的行动力。所以，想和做就像”西红柿炒鸡蛋”，两者间是缺一不可的。
歌德曾说：“我们的生活就像施行，思想是导游者；没有导游者，一切都会停止。目标会丧失，力量也会化为乌有。”这便警醒人们，如果一个人没有了想法，就如行尸走肉般，没有目标，成功便毅然决然地离你远去，向想法泉涌的人靠近。伽利略上学期间有许多对物理的疑惑，请教了许多教授，最终有了“落体定律”的观点；爱迪生从小对世界有着无数的问题，为他发明了电灯埋下伏笔；李时珍到全国采集药材，向当地百姓询问打听，为《本草纲目》的著成有了深厚的基础……可见，历史上的成功者都具有无穷无尽的想法，但光想不做便有了赵括的”纸上谈兵”，因此，想既是成功的一个条件，也是“做”的重要前提。
如果爱迪生没有做上千次的尝试，就没有电灯的发明；如果屠呦呦没有进行千百次的实验，青蒿素将不会被发现；如果邓稼先没有进行千万次的计算，原子弹、氢弹不会在中国土地上空爆炸………“做”是迈向成功的最后一步。宋代陆游说过：“纸上得来终觉浅，绝知此事要躬行。”实践出真知，光有泛泛而谈的理论是绝对不可行的，只有脚踏实地地做事，加上深思熟虑地想了，才有可能办成大事，或有所成功。反之，每天空想，永远不去做，难道成功会来眷顾这种人吗？
总之，“想”离不开”做""，“做”也离不开""想“，要想成功，必须要同时具备它们两个好兄弟。有了他们，相信你就是下一个成功者!",2
377,那样一个人,"我认为应该救猫，那幅画是世界名画又怎样？它是活着的吗？为了一幅没有生命的画去让一条鲜活的生命白白送死，值得吗！”随着他严肃的说话声，辨论会更加激烈了...…这是我在小学暑假期间，由课外班老师领导的一场辨论会，辨论的主题是“如果你在一个国家级的博物馆参观，而此时突然发生了火灾，一幅世界级的名画掉落在你的面前，如果你不带着它逃出去，它就会被大火烧掉；与此同时，一只可怜的小猫也出现在了你的面前，如果你不去救它，它只会被活活烧死。而你只能二选一，正方是救猫，反方是救画，通过抽签来决定你在哪一方。“我去抽了签，抽到的是“反”于是，我便被分到了反方。随着两方的人都到齐了，辨论会也就正式开始了。
每方是四个人，我当了第四个人。当前三个人说完后，我们完全失去了主动权，而我就是下一个上台的人，如果我再讲输了，那我们反方就彻底败了，我当时心情焦躁不安，像十万个蚂蚁在啃食我一般。
“有请正方最后一名选手和反方最后一名选手上台辨论！”随着老师的喊声，我无比紧张地上了台。“有请反方先行发言！”又随着老师的喊声，辨论会又继续了。
“我认为，当我们真的遇到了这种紧急情况，我们应该救画。因为如果这幅画被烧了，你们知道损失有多大吗？一个大的古董就消失了！一个见证了历史的文物就消失了！一个当时文明的遗留物就消失了！从人类文明的发展史来看，这幅画是见证了人类的存在，有着重要的意义，你们要听到来自远方的哭声！”我在台上激情地演讲完，便把话语权交给了对方。
对方的最后一位选手缓缓地站起了身，整了整西装，理了理领带，准备发言了。我定睛一看，他的年龄大概在十五岁左右，一米八左右的身高，梳着中分头，浓浓的眉毛下有着一双不大不小的眼睛，高挺的鼻梁，下面还有一个不大不小的嘴巴，牙齿也很整齐、洁白，是一副完美的瓜子脸。他清了清噪子，便开始发言了。
“我认为应该先救猫......随着他发完言，我正想继续辨论，但他又锁着眉头补充了一句：“远方的哭声？近处的哭声都没能听见，还谈远方的？好高勿远。”这句话回的我竟无言以对，无话可说，随着压倒性的“战果”，我们最后输了。
输了就输了，其实我一点都不在意，因为我在这场辨论会上遇见了一个又高、又英俊、又有口才的人才，即使我不知道他叫什么，以至于后来也没碰见过他，但我依然很高兴。",0
3126,给小萌的一封信,"亲爱的小萌：
你好！
曾经有这么一则小故事，洪水冲散一农夫的屋子，其妻子和孩子被冲散，农夫救了妻子，却没能救出小孩后来有人问他，你咋不想想小孩就去救你妻子？农夫回答，我先把妻子带回来，发觉孩子已经被冲跑了。
小萌，你觉得农夫做的对吗？果断的做出判断在有些时候的确很必要，对吗？听闻你因为犹豫而没有完成当常创作的小事故，我就想写封信给你，因为我也有过相似的经历，想把自己的感悟分享于你。
首先，是受挫后要给予自己信心，当你收笔的问题出现后，要相信自己依然有将作品完成且完成好的能力。
带着这份信心再来审视你的选择，你会果断许多。告诉自己无论是继续下去或是从头再来我都能完成好，从而快速决断，因为这个时候你也不知道选哪条路更合适，用行动来弥补反而是最有效的。
我曾在舞蹈比赛时做错动作，一时也慌愣过神，但还是坚持跳完，并将剩余的部分尽力完成的更好。当遇到所谓“剪不断理还乱”的境遇时，用信心为剪，剪断乱思续，也就剪断了混乱的困境。从而挣乱绳网，走向光明。
做出选择后再一定就是心境的保持，不急躁，不放弃。在事情结束后对自己的失误再进行反思，整个局就过去了。
这便是我对于选择的一些小看法。亲爱小萌，这件事已经过去，你也不用再伤心后悔啦，周末咱俩约个时间，去老门东散步放松如何？我还可以帮你看看你的画，研讨研讨着色的问题。
不管什么时候，请勇敢的做出选出你的选择吧。在不知所措之时，唯有摸黑前行，才能找到打开灯的开关，从而驱散黑暗。而我也将一直站在你的身后，相信着你，倍伴着你。
你的知心好友2022年5月23日",2
3388,这样的人让我热泪盈眶,"无数次走在放学回家的路上，无数次走在商场的店铺旁，这让我们难勉会偶遇陌生而又暖心的人。
与往常一样，走在那路灯温和却又显得黑暗的小路上，母亲与弟弟走在前面，我走在后面，路过了餐馆，路过了十字路口终于要踏入温暖的家了。
“等等！”从我口中突然冒出立刻破坏了小区的安静与和谐，“怎么了？”妈妈担心的问着，我吞吞吐吐道：“那个…那个我修正带好像…好像用完了。”“那走，去买啊！”这个温暖而又强大的声音从母亲口中冒出。在文具店的狭小空间与人挤人中总算买到了修正带，但弟弟却不见了，母亲与我努力寻找，但却毫无发现，一位陌生的阿姨见状赶忙问道：”是有什么东西丢了吗？“母亲听闻后原了涨红了的脸变白了许多，并说明了情况。
阿姨却变得很为激动与紧张，舞动着手臂：”不得了，我刚才看到他自己一个人跑出去了。“还没等我与母亲反应过来，阿姨就早已一个箭步冲了出去，我与母亲急忙赶上，心想着：不会吧？出大事了！”赶忙报了警。
阿姨主动要求帮我们一起找，行动有条不稳的执行着，但却不见任何踪影，更不闻任何哭声，我与急出了眼泪，阿姨更是团团转。
很快，警方便也赶了过来，终于用小区监控找到了，他竟自己跑到了小区里，他的旁边站着一个姐姐，姐姐解释道：“他可不是乱跑的，他是因为将我误认为成了妈妈才一路跟来的，幸亏咱是一个小区的，不过。”母亲连忙打断了姐姐，”谢谢你，小姑娘！你给了我儿子足够的实全感，让他能够懂得遇事不要哭的心理，让他从小就感受到了祖国的和谐！“两位陌生人，她们是平凡的，但她们给了弟弟刻骨铭心的教育，也让我对当今社会有了新的认识。",1
314,这样的人使我感动,"清晨，我背上书包准备往学校走去，刚打开门，一阵刺骨的寒风迎面袭来，激得我打了一个寒颤。
刚出巷口，我就看到一位穿着一身薄薄外衣的人，一瞬间，我忘记了迈步，陷入了深深的回忆中。
那天，漫天的雪花飞舞，我被妈妈打发来买电池，虽然一路小跑，但还是能感到无边的寒冷。我无意间的抬头，我看到了电线杆前站了一个身形佝偻的清洁工。这么冷的天，他站在那干什么呢？
我放慢脚步，走上前去，原来，电线杆上贴着几张宣传单，他正在清理呢，只见，他先用水轻轻地打湿纸张，重复好几次后才一点一点地将其撕下。他的手被冻得的发紫红，并且微微有些肿张，清理完这根，他又蹒跚着向下一根走去了。
“真辛苦呀！”好奇心己经满足的我，正在准备转身离开。
就在这时，我看兄他在下一根电线杆前停下了，脸几乎都快粘到了杆子上。“嗯？这是怎么了？”就在我忍不住跟上去的时候，他却微微的瑶了瑶头，抬起了右手在杆子上按了按，就转身离开了，少了遮挡的电线杆上，有一张白色的宣传单格外显眼，我深知，这要是被检查的人发现了，是要扣他的工资的。这是怎么回事？在好奇心的作崇下，我快步走了过去，欲一探究竞。
映之眼帘的是一张“寻人启事”。日期是两个月前的。
就在我专心查看“寻心启事”内容的时候，一个年轻一些的清洁工悄然来了，抬起手就往杆子上招呼，我心里一紧。
可令我没有想到的是，她的手在空中停了半刻后，结结实实的落在“寻心启事”被刮起的一角，只见她用力往下压了压，也微微瑶了瑶头，转身离开了。
那一刻，雪花如鹅毛般飘飞，可我却红毫不冷，因为，身体上的寒冷早已经被他们带来的心间的感动所触化。
“呼······呼······”，耳边，风声将我的思绪拉回。不远处，他的身影又停在了贴满宣转单的电线杆前，我再一次在心底为他点了一个赞，然后，飞快的向学校大步走去。",1
1566,“‘两弹’元勋”——邓稼先,"邓稼先1924年出生在安徽省怀宁县。在北平上了小学和初中，于1945年自昆明西南联大毕业。1948年到1950年赴美国普渡大学读理论物理，获得博士学位后立即乘船回国。1950年10月到中国科学院工作。1958年5月奉命带领几十个大学毕业生开始研究原子弹制造的理论。1986年7月29日因全身大出血而逝世。就在前几个月还和于敏联合署名写了了一份关于中华人民共和国核武器发展的建议书。
这真的可以称得上是“鞠躬尽瘁，死而后已。”在他开始研究原子弹制造理论后的28年间，他隐姓埋名，没有人知道他是去干什么的——甚至于他的妻子！
他的妻子后来回忆到，有一次她骑自行车出门，意外看见邓稼先站在九院前，她就问他：“你怎么在这呢？”他回答道：“刚刚看到别人下车就跟着下来了，没注意刚刚下错了站。”随后，上了一辆公交车走了。
邓稼先为人忠厚老实，真诚坦白，所以他的妻子都不知道这是骗她的。
在有些文学作品中描写邓稼先签方案时临危不乱镇定自若。
事实真的如此吗？
他的同事回忆道，每次签字他都是紧张得不行，手抖得厉害，甚至有一次试验时都紧张的休克了，测不到血压了。
在三年困难时期，中国的资源极度匮乏，每一次签字都是在向国家保证成功，也必须成功。
他的同事说，邓稼先家里闹的最大的笑话就是不会下面条。正常人家下面条都是等水开了再下，他呢是一开始就下，煮到最后面条都煮烂了。
邓稼先是伟大的，他把中华民族国防事业引导至世界先进水平；他是无私的，他为了中国的国防事业而牺牲；他的精神是中华民族的宝贵财富！",1
662,这样的人让我温暖,"我的母亲，陪伴我成长。经历过酷暑的炎热，严寒的凛冽，情绪的低谷，生活的得意。虽然她不是那样一个夺目耀眼的存在，但却是我生命中十分重要的那个人。
即使我的母亲对我而言是很敬重的，但她也和每个普通人一样有些令人反感的地方。最讨厌的是总低头看手机，当然作为一名公司经理，工务必然繁忙，但是每当这时也定无暇来顾及我了。几乎大多时候，她单手捧着手机，锐利的目光不停上下动转着，与平日在家柔和的眼神截然不同，时不时细眉紧蹙起来。当我有事找于她时，却总被冷淡地拒绝了。关于这点我与她交流数次，但最终还是无法彻底解决。我也表示理解，我的母亲虽然使我有些烦恼之处却也会一起好好交谈。总不似隔壁的阿姨一样，每当她仅有几岁大的孩子和她提议建时，便等不及地破口大骂起来，总说“你这小孩真不懂事，这些小事怎么了，大人不还是为了你！”于是每当此刻刺耳的哭声便穿过隔壁传到我们耳中，次次如此。
母亲对我的关心爱护不少，令我印象深刻的是每年初一，一大早便领我到鸡鸣寺去上香。我们我举着香烛又拜一拜佛像拜，菩萨，她口中对我的祝愿从未停止，一直随香烟渐渐飘向远方。
然而那时她让我感激而意外，当时，我对动漫番剧一类的东西十分着迷，见了许许多多英姿飒爽的动漫人物，自然也对手办周边这一类的物品提起了浓烈的兴趣。也许是太过念念不忘了，便总和父母们提起这事来。父亲听闻了不甚理解认为买来了这些没有任何用处且价格也不菲，而母亲却也默不作声。
过了一段时间，母亲突然神秘兮兮地给我看了样东西：“诺，小稀！这是不是你要的手办呀？”我看着那生动形象的人物就立在桌上时，心中漾起暖意又惊奇道：“是啊，母亲您怎么知道！”母亲说是因为我喜欢便把它送给了我。之后我和母亲端详着那手办，她不禁赞叹到：“叹，这手办还真挺好看的，下次有机会也记得带我一起看看呀！”“嗯！一定！”我望着她闪烁的眼睛回答，她看着我弯弯的眼角，也不自觉扬起微笑来。
或许这件事没有多么振奋人心，但于我而言母亲是理解我的，不会随意地妄下定论。这份理解与爱意犹如冬日的一际暖阳，照耀着我的身体也温暖着我的心，靠近她心便渐暖躁动起来了。
我的母亲，愿你我一起共同成长，感谢您陪我长大。",2
1065,图片里的故事,"在一个阳光明媚的周末下午，写完作业的我站在阳台上跳望远处休息休息眼睛，我的妈妈在我的卧室里收拾，整理着我小时候的图片，家里只有妈妈翻动图片的声音，就在这时，妈妈突然笑了起来，我好奇的跑过去看看，想知道发生了什么。哦~，原来是妈妈看见了一张我小时候的照片，那是我站在一块大展示牌前，吃绵花糖的照片里照片里的我聚睛会神的吃着“美食”。
记忆的盒子瞬打开，把我拉回了相片中的时间。
那时我才上幼儿园大班,，没有学习、游泳的压力，到了周末妈妈通常会带我出门游玩。那天，恰逢玄武湖公园里举行第二届美食节，在这么美好的日子里当然要去好好逛一逛，其实去哪玩不重要，重要的是有没有好吃的。
一进玄武湖，一路的指示标将我们带到了“美食节”现场。当看到远处大大的展示牌上写等”玄武湖第二届美食节开幕”时我兴奋的高声喊着:“妈妈！妈妈！快看呀！我们到了！”说着一蹦一跳的往里面奔去。现场一个摊位挨着一个摊位，琳琅满目的美食令我难也选择，最后目光落在了不远处的一台绵花糖机上，摊位上的老板五彩的绵花糖做成了各种图案,，十分诱人。于是我向妈妈投去了垦求的目光，希望她快点给我买，妈妈看了看我，犹豫了片刻，终于同意了，给我买来了棉花糖。我如愿以偿吃到了糖。
这时，妈妈看着我开心吃糖的样子，便笑着对我说，你想吃的我给你买了，能不能站在展示牌前让我拍一张照片，留做记念？我嘴上答应了，但有了美食哪有心思摆pos拍照，但既然答应了不得不去拍，于是，妈妈成了“导演”，我成了“模特”随着照像机的按下，便有了这张照片。
快乐是封在照片里的，但照片里的故事却成为了永远的美好回忆。希望以后还可以有机会享受这种简单而又美好的时光",1
770,《你是我生活中的阳光》,"一间书香满溢的教室，一位亲切和蔼的教师，一颗无私奉献的心，一个平凡的称谓，一生不分平凡的使命。人来人往，匆匆过客，我却把您独藏心头，亲爱的老师，您可否为我的絮语停留？
您不曾偏爱，您愿用自己的休息时间，把我叫到身边，亲自教学，手把手的为我讲解，不曾放弃您手中已经被别人下定义的孩子。
您教学有方，有扎实的学识，您化难为易，化繁为简，不会像富家老师一样多愁善感，把学习成绩优易的学生留下来补课，把差的调到后排，让他们“自生自灭”，也不会像中年老师一样脾气暴躁，讲的十分快，讲的不清楚。您会放慢讲题速度，详细解答孩子们的疑虑。您也很照顾我们的感受，您知道有些内向不敢提问表达的孩子，便会在课间询问，耐心讲解。冬天，我总能从您染黑的发丝间找到一缕银丝。也总不禁地鼻头发酸，总想再向您靠近一点，哪怕已经紧贴着您，也想得寸进尺的拥入您的怀抱，想让您抱一抱我，想紧紧地抓住您，永不放手。
您总与学生为友，严谨又不失亲切可爱，每每临近斯中，未我们会调皮的抱住您的腿，俗称“临时抱佛脚。”您鼓励着我们，我们也与您无话不谈，只因您能做到把我们视为己出，教师节总能在班里听到同学们一声声的用不成调的奶音喊着奶奶，您面对我们的调皮也总是笑脸相迎。对呀，我们为什么会这样？谁会想要在自己向喜欢的人面前示好，却得到了刺心的谩骂与冷眼呢，谁都想得到认可和尊重。
也许就是这样的您，可能也只有您能把我身边的那个傲娇的，从不听话敢去校长室的小公主归于您自己，让她对您百般温顺，小学的六年时光，只有您让我全身心得放下防备，放心的把自己的后背交给您。
日历被一天天翻过，秒针依旧不停歇地工作着，就像努力奔跑的我们，六年过的很快，与您相处的一年半虽然短暂，但却让我把您独放在心头。
老师，还记得我们全班许下过的诺言，说过的话吗？
“老师！六（3）班的小屁孩们长大了！老师！谢谢您的陪伴，下次我们会带着您的果树回来！”未来很远，像浩瀚星光下的迷雾，混沌迷茫；未来又很近，是您如烟花绽放之光，虽转瞬即时，昙花一现，只存在于少年短暂的青春年华中，却渲染了他们的未来，点亮了梦的出口！",1
2770,考完后，我想对你说,"W同学：
你好！
相信拿到成绩的你一定怀疑自己，甚至觉得”离离原上谱“。无他，唯手慢尔，在打铃前5秒写完了最后一个标点。当时感觉已经没有多大希望了，没想到还是考出一个比较满意的分数。
现在重新审视这张卷子，时间主要浪费在了非连续性文本阅读上。在做非连文本阅读时，你在文本阅读上耗费了大量时间。在阅读完题干后，你很容易在茫茫字海中迷失了自己，找不到自己想要的信息。有时找着找着，你就忘记自己想要找什么了，导致要翻页重新读题继续找。尽管准确率高，但依然耗费了大量时间。如果后面的题做不完，就得不偿失了。
对此，应该在平时练习中控制好时间。如果出现像本次考试一样，作文或其它题目与经常或预测有所不同，首先要冷静下来，然后利用发卷空隙大概浏览试题，并对时间进行大致分配。再考愿全面一点，如果老师卷子发的迟，题目还难，我们就需要一边做题，一边调整时间。
影响时间的另一个因素就是做题纠结。例如在向奶奶介绍浮肿现象中，你认为第三个点是用易于老人理解的语言讲解，但事实上少的是聂海胜的话。而在做这题时一直在想，导致在做后面的题目时仍然在思考这道题，甚至在做小说时还能跳到这题修改答案。
所以，为了不使自己如此”牵挂“这些题目，你可以做完一个大题，就把这一整道大题忘了，除非后面又涉及对前面的理解。即使知此，这在大部分情况不都很合适，在遇到灵活变动时，我们也要适当更改策略。
兵来将挡，水来土淹，不论遇到任何困难，我们都要去想解决它的办法。
你自己，2022年5月",1
3162,一路走来一路读,"“诗和远方”已成为现在一句流行的意象。其实，诗中便有所谓远方的，那些文字照映出的是精神的宽度。然我想说，并不是所有书籍都有能力完成承载读者，如同一艘船一样驶向对生活、对人类、乃至对社会的思考的海面的。
书是有价值高低之分的，这取决于它的内涵，什么是它想表达的。不说深奥晦涩的书籍，便是大众最乐于接受的漫画，就能很好地体现这一点。我一向很喜爱半子恺先生的漫画，墨色渲染勾勒出灵动。如《阿宝两只脚，凳子四只脚》一幅，在《缘缘堂随笔》中作为插图，生动形象地展现了阿宝将自己与软软的鞋子脱下来给子“穿”，儿童的天真淘气令人喜爱。而现在许多的漫画，色彩上虽鲜艳不少，画面也更精致，但内容呢？无非概括在“玄幻”“古风”“言情”的几个标签中，令人深觉烂俗。在这样的中“阅读”中，你已不是“读者”，只是追捧的粉丝罢了。
同种表现形式，书的价值不同；而同种题材，这一点便更明显。请看一组鲜明的对比，同样是“爱”的主题，琼瑶式的感伤造作只局限于近或浮夸的爱情；而马尔克斯《霍乱时期的爱情》已完全超脱出个人恩怨纠缠的爱情，爱还有其他表现，友情、亲情皆属于爱，他亦揭露了爱的本质：“爱首先是一种本能，要么生下来就会，要么永远都不会。”他的笔触如此之深沉，如此之伟大，使言情小说与哥特小说的矫揉造作黯然失色。
作为一个读者，我一直秉持着“一路走来一路读’的信念，读书是身心漫长的旅程，选择对的、有价值的书，这段旅程会永远贯穿你的生命，永远都会。",1
1976,珍惜和平，不忘历史,"尊敬的老师，亲爱的同学们：
大家好！
今天我演讲的主题是“和”说到”和”，相信大家可以想到一个词“和平”如今的中国，山河锦绣，国泰民安，在一代代人的努力下中国成为了一个和平的泱泱大国。所以，我想要告诉大家的是“珍惜和平，不忘历史”。
1931年，震惊全国的九.一八事变发生了，日本人无耻地侵略着我们的祖国，不断扩大着侵略范围。到了1937年，日本军以士兵失踪为借口强行攻入平宛县，第二十九军奋起抗战，抗日战争就此拉开帷幕。一时间，老百姓家破人亡，妻离子散。而我们南京，也惨遭侵略者的毒手，三十万同胞遇难，一条条鲜活的生命被埋在泥土之下，本该茁壮成长的婴儿被长刀从母亲体内活活挑出，那时的南京，可谓尸横遍野，生灵涂炭。但是，中国有一位位战士浴血奋战，英勇拼搏，他们用自己的生命顽强抵抗，问大家一个问题，大家是否知道抗日57师师长余程万的绝笔电报？可以点头示意我，（观众互动)......(按观众了解情况回答)他的绝笔电报是“弹尽，援觉，人无，城已破，职率师部，扼守一屋，做最后抵抗，誓死并祝胜利。他们不畏牺牲，视死如归，他们的血染红了五星红旗，他们的身躯筑成了中国通往和平的道路。
195年,朝鲜战争爆发，美国联合军悍然越过三八线，直逼鸭绿江边。中国人民志愿军组成，他们在极寒的环境下艰苦作战，用冻土豆充饥，用单薄的外衣抗寒。今年上映的热门电影《长津湖·水门桥》最后一幕令人动容。“报告！第七穿插连应到157人,实到1人。”一个连，一百多人，却只有一个回归，这听起来是多么悲哀！那，这一战究竟为什么打？为了祖国边境不被侵犯，为了和平！您们看，您们的牺牲是值得，,如今的中国，山河无恙，国富民强！
我们生在红旗之下，长在春风里，目光所至是一片繁荣和平的景象。和是什么？是和平，是我和你，我和你应以吾辈之青春，捍卫这盛世之中华，捍卫来之不易的和平。",1
2843,与武松为友,"《水浒传》中有108位好汉，他们每个人都具有不同的性格色彩：智慧、愚蠢‘忠义、孝敬、谨慎、鲁莽······这也塑造了他们的独特形象，这108位好汉向我们展示了一次悲壮的农民起义，我想，如果我能有幸进入书中，我会选择与武松为友。
书中，武松是个下层侠义之士，忠孝双全，为朋友着想，他先在柴进府里遇见了宋江，后来离别时两人因不舍而结为兄弟，他拒绝了潘金莲的勾引，而武大郎却败在了她手上——被她毒杀。武松为了给亲人报仇，他杀死了潘金莲等三人，后来就去自首，从这一件事我可以看出，武松的勇猛忠义、侠肝义胆、仗义诚信，如果我是他的朋友，他一定会在现实生活中帮助我面对困难，也会对朋友用心、不欺骗我，他是一个有良心敢作敢当的斗士，在生活中我会向他学习。
武松原先被压迫，后来一步步走上了反抗的道路，他是下层英雄好汉中最富有血性与传奇色彩的人物，他路过了十字坡酒店，识破了母夜叉孙二娘的药酒，并与其大打出手。后来他受到了施恩的照顾，为了报恩他醉打蒋门神，帮助施恩夺回了“快活林”酒店。从这件事我可以看出，武松有恩必报、智勇双全、有勇有谋，如果我是他的朋友，他会成为我的榜样，他会在日常生活中照顾我，同时，在众人面前，他肯定是一个“路见不平拔刀相助”的人。他也可以教我武术，让我成为一个勇往直前的人。
在现实生活中我愿意做武松的朋友，不是因为他原先的懦弱，而是因为他可以在我遇到困难的时候帮助我，他也会对朋友忠心。从书中得到了他给我去面对生活与挑战的勇气，在现实让我传递，我们现在和平安宁的生活已不需要当年他们的起义，我们需要的是他的勇气与决心、他的意志与品性。要是真的遇见了他，我一定会与他成为朋友，并将这份水浒精神传承下去。",1
708,特殊的礼物,"夏日的夜晚，繁星明高，缕缕月光照在一个破旧的八音盒上。
八音盒的发条已经断开了。一个手抱水晶球的小娃娃站在盒子中长，小娃娃的脸红润而光滑，眼睛明亮有神，水晶球印出他大大的笑脸。
爷爷，想为什么要珍藏一个坏了的八音盒呢？我十分不解的望着年迈的爷爷。
“嗯这是我的学生送的。”爷爷说，那是一个很久远的故事。
当爷爷还是个小伙子的时候。他满怀热情地踏上支教的道路。
那道路，连接着一个村庄，又连接着一个村庄，那道路，爬过了一个土坡又爬过了一个土坡。
那道路印下了爷爷坚定的脚步。
“我儿的娃子苦啊！上课时刻一半，就要被家里叫去帮忙干农活儿！特别是冬天，娃子们穿不上鞋的。光着脚，走十几里的山路哇！”爷爷说着说着，从眼眶里流出了浑浊的老泪。
那时的爷爷，又忙孩子们的生活又忙孩子们的学习。上上下下。哪件事不要爷爷烦心？
啊呀。好不容易熬到刚开春，暂时消停些，爷爷心想“要不，带那十几个孩子去镇上转转？”于是爷爷自费，带着唯一的十几个学生坐了七八小时的大巴从早上五点出发，一直到大家的肚子饿的咕咕的。才到镇上。
孩子们很快被一个精致的小店勾引住了。那是一家八音盒的专卖店。
复古的装修，和精致的陈设，在小镇上显的格格不入。那里面什么款式的八音盒都有。有跳芭蕾的小公主。有手握拐杖的圣诞老人。有抱着小蜜罐的维尼熊。
但孩子们注意到了店主手中正在制做的八音盒。那个八音盒，就是后来爷爷被若珍宝的的宝贝”店主是一个留法归来的学者，不过他已经退休了，于是就把原来的手艺带回了家乡。他以前是一名高级设计师。
在他的手下。有多少美丽的八音盒。它们从一个冷冰冰的机器变得精巧可爱。
回来后，爷爷就一直掂着那个八音盒。因为八音盒让他想到了他以前优越的生活，他想家了。
很快、爷爷就离开这偏远的山货，回到大城市生活了。
三四年间。爷爷的学生长大了不少。爷爷看着他们一个个变得强壮变得有文化，告别了“文盲”时代。他比谁都开心。
临行的前一周，孩子们集体缺课，去他们家里吧，还拉不动、说在筹钱，好像要干什么大事似的。
爷爷也没有办法，眼看日期要到了，他直摇头。
坐在回去的火车上爷爷偶然间看到了那个八音盒和一封信。静静地，躺在箱子里。
信中只有三句话。
“老师，谢谢您，您让我们告别无知。我们十几个孩子到处抓鱼采果子，确是刚好够买这个八音盒。八音盒上的那个娃子像我们。这样您就不会忘记我们了。
全体学生1979年11月1日。”就这样，爷爷带着这样一份特殊的礼物一直陪着他，直到永远。
眼前的八音盒早已不如往日的精致。只是这份特殊的礼物和心意一直只存于爷爷心中。",0
1564,“基石”人物——邓稼先,"中国从任人宰割的时代，到站了起来，再到可以俯看世界；中华人民共和国之所以可以站地这么高，是因为有“基石”人物们的奉献。而本次要讲的，就是“基石”人物之一——“两弹一星”功勋得者邓稼先。
邓稼先出生在一九二四年的安徽怀宁，在北平上了中学和小学，一九四五年毕业于国立西南联合大学，一九四八年赴美国普渡大学钻研物理学专业，于一九五零年获得博士学位后回国。一九五零年十月到中国科学院工作。于一九五八年八月奉命带领几十个大学毕业生开始研究原子弹制造的理论。也正是从这时开始，走上了成为“基石”的路。
在研究原子弹期间，邓稼先为了保密，白天神秘地离开，夜里神秘地回家。因为原子弹地研究是绝对保密的，所以邓稼先的妻子许鹿希并不知道丈夫在做什么。曾有一次，邓稼先乘公交去工作地点，许鹿希跟着他。邓稼先下车后，许鹿希上前问他，你为什么在这儿下车。邓稼说下错站了。许鹿希并不知道，这就是邓稼先工作的地方。
一九六三年二月，邓稼先等人转青海二二一号基地，进行核试验。可是，却因为一次核试验，导致当时邓稼先的生命进入倒计时。当时，一切准备工作就绪，倒计时结束，工作人员按下起爆按钮。可是迟迟未听到爆炸声，邓稼先疯了似的驱车来到起爆区域，找到了已摔碎的核心部件。那里可是重辐射区，空气里弥漫着钋元素（有放射性），而邓稼先也因此患病。
一九六四年十月十六日中国爆炸了第一颗原子弹。
一九六七年六月十七日中国爆炸了第一颗氢弹。
这使中华人民共和国从此有了俯看世界的基础。此后，邓稼先继续工作，至死不懈，为我国核事业做出巨大贡献。一九七一年八月，在写给杨振宁的一封信中，有这样一条信息：中国原子弹事业除苏联的援助外，没有任何外国人参加。
一九八六年七月二十九日，因癌症住院三百六十三天的邓稼先与世长辞。
他的一生完美地解释了“鞠躬尽瘁，死而后已。”基石”就是基础的石头，它让我们站得更高。而邓稼先就是基石之一，让我们更高，更高。",1
1857,遇见从前的自己,"时光如白驹过隙，遇见从前的自己，我们伸出了手——题记
那是一个如此晴朗的正午，我背着书包正走在去图书馆的路上，阳光正好。突然想起，自己曾从这条路，去上补习班。
时光蹁跹，昔日的阳光再此照耀着我的身体。一个令人熟悉的场景映入眼帘。
”买圣女果呦！买圣女果！”一位中年大妈在街口处吆喝。突然，不知什么原因，大妈用来运圣女果的三轮车突然翻了。滚了满地的圣女果，大妈可能一次性要拾好久。
刚打算上前的我看到角落里有一个熟悉的身影，那是——我！
这才回想起那天的场景：急于赶补习班的我，看到了一位大妈卖着水果的车突然翻了，那时的我年幼，又有些自私，便背着书包从那车旁边走过了，没有丝毫犹豫。
眼前这一幕正是如此，那个小男孩从旁边正快速穿过。我急忙上前，拍了拍他的书包，他回过头，惊住了......没等他诧异完，我便笑着说：“你好！我是未来的你，让我们帮大妈把圣女果拾起来吧！““可我上课快迟......”“没关系！“我又笑了，”那天我可还早着呢！“他将信将疑地看着我，我牵起他的手，走向前去，开始一个一个地拾起来，我们伸出了手。
那天的阳光很烈，可令人感觉却是如此灿烂的！蓝天一望无际，两朵白云飘着。
“今天正是太谢谢你了！如果没有你们，我唧个真的不晓得拾到什么时候。”大妈的脸上展现着幸福的笑容，令人难忘。
他转身背起书包，正要跑，突然又回头，准备与我告别。我还是又笑了，招手过后，眼前的场景开始变得若隐若现，看着他的背影，我感到如此欣慰。
时光易逝，竞遇见了从前的自己，这次，我们一起放下书包，伸出了手。",2
2950,找准自己的位置,"若为星和月，便照亮夜空；若为虹与霞，便渲染蓝天；若为枝和叶，便点缀世间。
——题记就如花一般，选择自己的花期，如期绽放，便是人生最大价值。人人都有属于自己的位置，只在于是否能够找准，亦或是能够为之倾倒，为之付出。
找准自己的位置，不在于时间的早晚。歌德曾热衷于美术，但在他参观著名画家的画作后，方才认识到自己并不善于绘画，无论怎样努力都无法成为著名画家。那时，他偶然为一家出版社随手写的几篇文章，却被这家出版社的总编赞赏，于是他发现自己在写作上的才华，开始专心于文学创作。此时，他年已四十，最终，他的成就如何世人皆知。因而，无论是何人，无论何时，找准自己的位置，为之倾倒，并为之付出，终将创造人生的辉煌。
找准自己的位置，需要正确认识自己。诗仙李白，在诗坛中声名显赫。但他在政坛又如何？“仰天大笑出门去，我辈岂是蓬蒿人的豪情壮志后，却也终被赐金放还。纵使留下“安能摧眉折腰事权贵，使我不得开心颜”的亘古神话，却终醉死宣城，结束一声。若他收起些许浪漫，癫狂与不羁，又岂会壮志难酬。同样的道理，若让居里夫人去构思四大悲剧，怕是她几十年也写不出只言片语；相反，莎士比亚在实验室研究，一生都不会发现镭。
找准自己的位置，无论是否平凡，能成就事业的人们毕竟为数不多，但只要坚守岗位，如抗疫英雄一般，便已书写出一份属于自己的丰功伟绩。
若为清风，便吹拂大地；若为雨露，便滋润稻子；若为鲜花，便馥郁人间；若为尘埃，便沉淀往事；若为平凡，便书写只属于自己的篇章。",2
2910,水浒108好汉是真英雄吗,"面对水浒传这本书，常有人一拿起便高声咏叹：“这书可了不得，书中的108个好汉各显英雄本色。”说完便高谈阔论起来，周围的人们更是点头表示赞同，对各种人物的光辉形象大夸特夸。只有很少一部分人有着相异的观点，却不被他人所接受。
他们真的都能用“真英雄”来诠释吗？
所谓英雄包含多种含义，但其中最主要的便是其中两种：一是武艺高强，而是很少为了自己的私立，总能在别人危难时主动现身。
武松被称为“打虎英雄”，他利用一身精湛的武艺竟然真将老虎打死，更是凭着这好武艺斗杀西门庆，血洗鸳鸯楼，有仇报仇，有恩报恩，艺高胆大，无所畏惧，怎么看都是大多数人口中的“英雄”。但细细想来，他似乎从来都不会主动帮助任何人，他所做的一切都是以自我为中心，想杀就杀，随性至极，无辜的人被杀后却少有人提及，反倒更多的人认为他是如此的英勇，这点小问题又算得了什么呢？但真正细细分析后就会发现，他不仅没有什么奉献，就连武艺也不一定用在正道上。
这样的人还有很多，他们当然不符合“真英雄”的定义。为什么那么多人都在错误的道路上越走越远呢？
反观鲁智深，路见不平，拔刀相助，专好打抱不平，“禅杖打开危险路，戒刀杀尽不平人”正是他的人生写照，不仅说明了他的英勇，更写出了他那正义的心。“杀人须见血，救人须救彻”更是他的行事准则，拳打镇关西，大闹野猪林，总是用他自己的肩背，为他人撑起一片天。
这，才是人们真正名义上的“真英雄”。
为什么如此之多的人物都会有这么一个以偏盖全的问题呢？因为他们只会关注某个人身上最突出的特点以至于只有极少数人才能真正看到特点下所隐藏的另一面。
所以，不要让表象遮蔽了你的双眼，只有睁大眼睛，纵观全局，才能以细微的差别中辨别出真相。",0
3027,学会“读”,"在生活中，人们把学习的人叫学者，把研究艺术人叫艺术爱好者，把做演讲演说多人叫演讲者。那么，一个读书人叫什么，没错，是读者。
其实“读者”是对读书人的一种赞誉，正因为这一点，所以读书之人不一定就能成为一个合格的读者。要学会读书，才是一个读者。
读者，要学会读背景。一个真正喜欢读书人，是不会仅仅把全书看完一遍就了事了的。读书前，先把书的背景了解，可能读时会更能理解书中想表达的意思，比如说《儒林外史》一书，如果不了解作者当时所处的社会环境是那么地腐败黑暗，你会把这本书当一本好笑小说。确定，《儒林外夫》中吴敬梓的言辞十分白话，情节内容真的再有趣不过了，但这也主是吴敬梓想要达到的，他想用这些过分荒淡、好笑到人和事，反映出当时的社会是那么的可笑而更可悲啊！了解了书的背景,才能真正体现到书中的那种讽刺与作者的无奈。
读者，要学会思考。《论语》中道：“学而不思则罔”，读书也是一种学习的过程，同样也需要读者对书进行思考和探究，很多书内容有些声，可能有时你还会对作者的观点有所不理解，甚至否认。但如果你在了解书背景的同时结合书中的内容加以深究，就会有不同的感受。就像《朝花夕拾》中鲁迅在《王倡会》的描绘的父亲形象，是那么的严厉，让人觉得鲁迅是在对自己的父亲表示讨厌，对父亲十分不喜爱，但你再以鲁迅所生的环境，想一想，你就会顿开茅塞，鲁迅这里并不是在怪自己的父亲，而是想通过这件事，表现出旧中国封建的思想教育方式抹杀了为孩子的天性。正就是思考的好处。
读者，更要品读。品读也可以说是复读。很多的人会对一些名著进行复读，品析内容。其实复读更有利于让对书产生理解与共鸣，古人言：“读书百遍，奇异自现”也正如此，每一遍读你都会有新的感悟。
其实这三种方式读书也同样可以运用于生活，生活中也需要这样认真的态度以面对。要学会做一个读者，也更要有才为读者后学习书中之道，做一个生活的享受者。",1
2671,《断头王后》读后感,"在今天上美术课时老师提到了欧州国家的历史，从而也就提到了玛丽皇后。这让我想起我在很久之前所看的书《断头皇后》。
这本书写了玛丽皇后华丽而凄惨的一生。我印象最深刻的一段对话是“皇后，人民已经没面包可吃了””那他们为什么不吃蛋糕呢？”正是这句天真稚嫩的回答引起了公奋，但至今仍有不少人觉得她只会享受，压窄人民，是一个十恶不赦的女人。但我却觉得这一切不全是玛丽的错。她自出身以来就是巅峰，她身为公主，背后有着一个身为女王的母亲，所以她可谓是娇贯养长大的，她一直被关在城堡这个“牢笼”中，使她更本不知到人民的生活，天真的她觉得每家每户都有成百上千的仆人。她在法国大革命时展现出了她自己的主见,她觉的得路易十六没有主见于是让白己的哥哥攻打法国，我觉得在那个战火纷飞的年代，玛丽的身上体现出了一位王后应有的骄傲与尊严，虽然她的思想由于被娇生惯养而过于天真，但她仍旧努力的试图凭借自己的力量来管理国家。她经历了种种事情变得成熟，在她被推上断头台的时候，她不小心踩到了刽子的胠，她却说：对不起，您知道，我不是故意的。”她改变了许多，最终也是心中愧对于国家与人民的。玛丽故然是有判国这项罪名，但是一个罪名不能把她所有的闪光点埋没。我看到的玛丽是一个单纯坚强却又命苦的女人，纵使她在大革命大开始前做出的种种也改变不了我对她的喜受。
回到现在，被娇身贯养的女孩也不少，但她们可以在父母膝下尽情撒娇，开心的时候就放声笑，难过的时候也可以放声大哭。这又不由得使我觉得玛丽的可悲。看完书后内心有些沉重，书中还有写到当时人们的生活，有很多人没有住所、没食物可吃，天天提心吊胆，生怕第二天国家就被攻陷。与我们现在的生活一对比，简直一个天上，一个地下。让我觉得我们现在的生活是多么的幸福、和平。
从玛丽皇后身上我明白了：如果上天不可必免让我遭遇不幸，我毫无胜算，可还是会带着尊严，勇敢面对。",2
4186,这一程，同学情深,"跑完这一程，我收获同学之中的深情。
又是体育测试，我和我的朋友已做完除800米外的所有项目，我们来到操场上，操场上尽是喧嚣声，跑道上正跑800米的同学们“呼哧”的声音，同学的呐喊，老师的鼓励...
两轮后，我们上场。正好我们班比较扎堆，十几名都在这一轮。从地上捡起一件马甲，套在身上，充满信心。
起跑线前，却突然紧张，握紧的手心中不觉已是满满的汗。出于对前程的紧张不安与恐惧，心中没有个底。时间漫长，裁判终于落下他的手，我与我的朋友同时喊着：“加油”，便冲了出去。一开始是第二，但过了一圈后，被超成了二十左右，力量也无法与之前可以相比了。总共是四次过终点，到了第二次时，我已感到体力快耗尽了，咽着口水，紧闭眼了一会儿，调整好呼吸。腿开始有些抖，但似乎没了知觉，就一直在摆动，不管它吧，我仅在调整呼吸，不断转着眼球，它已经使我快看不清东西了。
“加油，坚持一下，还有一圈啦，加油！”再次过终点时，我听到班主任的鼓励声。是的，是只有一圈了，加油，只剩最后一点了。前程似乎轻松了，我的朋友超到我身边，断断续续地说“快...快...马上，上..到。”在这时有了来自同学朋友的加油，我又开始提速，我知道，在我最冲时，是以50米的速度的。前面的人逐渐少了，我转到最后100米。几名男生和请假的同学站在拐弯处，他们对我班同学喊着“加油！”那一刻，力量再次回升，我进入最后冲刺，一下超了三个同学，跑道两旁已是虚景，终点是蓝蓝的，看不清，却很近，有一堆的人围着，不知道。
“滴”，结束了，卡已刷上去。令我闻风丧胆的800米终于结束。
这一程，仅800米，很短，但充满深情。不论是老师是同学，是男生是女生，是熟同学还是关系一般的，皆给与我及我们力量，信心与成长。",2
712,特殊的礼物,"一份礼物，可以是一次经历，可以是一份情谊，也可以是一个鼓励……在这些礼物当中，总会有一份特殊的礼物。
一周前，我们举行了一次综合小练习。当我知道我考的还不错时，就起飞了。整天我都沉浸在喜悦中。
周三，我们又进行了一次数学小练习。我被胜利冲昏了头脑，心思早已在十万八千里外了。恍惚中，收卷了，我才回过神来。没事，应该不会有什么问题。我安慰自己，反正我数字还不错。
时间飞速流逝，转眼间一天过去了，这事我也快忘了。这时，老师抱着一沓试卷走了过来。刚开始我充满了期待，然而我拿到试卷，定睛一看，愣住了:89分！我急忙看了一下扣分的地方，不是这边粗心大意，抄漏数字，就是那边题目没看清……哎，这些错误本来都可以避免的。看着鲜红的叉叉，仿佛它们织成了一张密密的网，让我喘不过气来。我似乎掉进了冰窟，整个人说不出话来。为什么会这样？回去我肯定得寄了！
果不其然，老师对我甚是失望。放学路上，天阴沉沉的，乌云密布，天边一片昏暗。风怒吼着，卷起地上的尘土，推着路旁的树。
终于，我慢慢蹭回了家。虽然我不愿告诉父母，可有项作业要求家长签字啊。
时间真难熬啊。睡前，我硬着头皮把试卷拿给家长看。空气似乎突然凝固了。出乎我的意料，我妈居然没有责备我，就只说了一句：“下次努力”就签字了，我十分惊讶。
躺到床上，我久久不能睡着，是啊，下次一定要努力，不能因为考好一次就放飞自我，也不能因为一次的失败而气馁！做小练习时，我们一定要认真、仔细。不能觉得简单而轻视它。
第二天，我又开始投身进忙碌的学习生活中。这一次，我一定要努力学习，不能固步自封、骄傲自满。止于至善要从点滴小事做起，积少成多。错题整理，笔记复习，这些一样都不能落下。我相信，只要付出努力，将来或多或少，总是会有回报的。
人生中总会有许多特殊的礼物。比如这次教训，虽然带来负面的情感体验，但我将负面情感转变为成长的助力，明白了要脚踏实地，不能骄傲自满，才能成功。",0
1546,讲邓稼先的故事,"“两弹”元勋一百多年前，可能是中华民族历史上最为黑暗的时候。但经过一代又一代人的努力，才造就了中国如今从站起来到富起来，现在强起来的状况。
这其中有一个又一个杰出青年人的贡献。邓稼先就是那当中做出了巨大奉献的人。
在1959年，苏联撤回了在中国研究核武器的所有技术人员，还带走了所有资料，只留下了一个参数。这个参数也把邓稼先等科学家带入了一个迷宫。
邓稼先就和其他人每天夜以继日的计算着那个参数。但始终结果都比参数相差几十倍，甚至几百倍。
这时候邓稼先才意识到：这个参数可能只是他们随口一提。
在那之后，邓稼先便开始全身心地研究原子弹。每天白天给新的青年们讲课，去研究室研究。晚上还得为第二天备课。
美国和苏联曾都说过，中国至少还要20年才能研究出核武器。
但邓稼先的团队从1959年开始研究原子弹，仅在1964年，用5年时间就研究出了原子弹。又在1964年开始，在1967年就研究出了氢弹，先是5年，又是3年，前后四五十次的实验。终于，在世界面前证明了自己。既使在他去世后，国家还给他追授了“两弹一星”的功勋奖章。
舍生忘死在原子弹数次的试验中，由邓稼先指导的就有15次，参与45次。
其中有一次，原子弹爆炸失败，散落在戈壁滩上。邓稼先不顾任何人的阻止，执意地开车前往戈壁滩。
在当时核辐射那么强的情况下，只穿了单单几层防护服就挺身走进了那里。
邓稼先用双手捧起了原子弹的核心部分。
从那之后，核辐射慢慢侵蚀着他的身体。他的癌症也在慢慢扩散。
在生命的最后，他在315病房里离世。最后连一张遗像都找不到。
永垂不朽邓稼先的夫人说：“他一生的生命都奉献给了国家。我觉的他的生命很值得。”正是如此，邓稼先一生为了国家事业奉献，一生做人低调。但是他坚持不懈，舍生忘死的精神永远不会失去，会永垂不朽！",1
3030,论英雄,"英雄是什么？是超人？还是钢铁侠?我认为国庆的一档电影给英雄了一个最好的解释。《长津湖》影片中，三营长神枪手谭子为对伍万里的所反问地话是这样说的：“那些献身沙场，为国战死的，是不是英雄那些在敌人身边拔开手雷，与敌人同归于尽的，是不是英雄？那些埋伏在大雪中，还没开打就冻死的士兵，是不是英雄？”没错，我认为英雄不是那些有超能力的超人，而是出自于平凡的人间。
现在的我们能安心在教室学习，衣食无忧，正是我们的先辈为我们用命换来的。人民英雄纪念碑，抗美援朝烈士陵园，这些地方无不在告诉着我们，英雄出于凡人，出于那些保家卫国战士。为了让祖国统一更加稳定，抗美援朝的战士不顾与美军装备差距之大，用肉身压住炸药包，推毁了一辆又一辆坦克，用命当子弹，打破了敌人一个又一个王牌军团。内心一致，保家卫国的战士，是英雄。
其实英雄离我们并不遥远，不仅有军人，还有在我们身边的“白衣天使”。
2020年是不平凡的一年，一场突出其来的疫情打破了我们安宁的日子，可在这慌乱的人群之中，却有一群身着白衣，眼神坚定，健步如飞的人在与死神搏斗，没错正是医生。他们放弃过年与家人团聚，舍小家保大家，穿上一层又一会的防护服冲进隔离ICU病房，保卫着人们的生命，在危机之时，不顾劳累的身体，帮病人插管，做心肺复苏，8小时滴水不入，只为能再多救一人，对比国外因害怕而辞职不干，回家逃难的“医生”，难到这样不畏艰险，英勇救人的天使，都配不上英雄二字吗？
如每个人所愿，我们生于繁华，但我们不能忘记那些为了我们不顾一切的英雄。英雄不是神，而出于凡间。前人卫祖国，今朝有英雄，民间存英魂，盛世如所愿。",1
587,这样的人让我佩服,"他是宠儿，也是弃儿；他是现役第一攻击型中场，也是切尔西曾经的弃将。这，就是凯文・德布劳内，一个有着悲惨过去的球员。
1、弃养一次暑假，他与寄宿家庭告别，回到家后，却被一次谈话改变了命运。“寄宿家庭不想要你再回去了。”“为什么？”“因为你这个人。”“什么？“他们说你很难相处，你太安静了，别的孩子很难与你交流。”他悲痛欲绝，并下定决心要用足球了宣泄情绪。一个月后，杀入根克一线队的他毅然决然地拒绝了自己的寄宿父母：“你们把我扔进垃圾堆，现在我表现好了，又想让我回去吗？”没错，那时的他已在比利时足坛崭露头角。
2、辗转2012，发掘过罗纳尔迪尼奥，内马尔等球星的淮塞尔向切尔西老板阿布推荐了德布劳内。在谈了半年后，切尔西终于拿下了他。首赛季外租来到德甲，成功用高光表现帮助球队保级。回到切尔西的他却仍被“狂人”弃用。于是，在他的愤怒下，他重归德甲，加盟沃尔夫斯堡。他仍在德甲大杀四方，但有一天，却发生了一件大事。
3、挫折用一个赛季43球成为德甲MVP的表现征服了队友后，一件大事再次打击了他。那一天，他让队友马兰达来接他，可却酿成了惨剧——马兰达因车祸而死，而且是因自己而死。为了朋友，他在对阵”德甲巨人“拜仁的比赛中两射一传，带领狼堡4-1取得胜制。他是坚强的，他也是大方的：12年，他的女朋友出轨了俱乐部、国家队队友库尔图瓦，比利时主帅听了，十分生气，准备不再征召库尔图瓦。然而，为了国家，他帮库尔图瓦说情，这才有了他为国家踢球的场景。
4、玫瑰终将绽放2015年8月30，曼彻斯特城用7600万欧元将其带回了伊蒂哈德球场。在这里，他成长为”世一中“，在这里他是球队进攻大脑，在这里，他也”收获“了自己的孩子。他忠于家庭，也在球场上肆意奔跑。他在一次又一次的挫折下没有放弃，没有人知道他是怎么走出来的。这样的人让我佩服，也让我敬佩。",0
2705,环境真的重要吗？,"有点人会说：“环境当然重要了，孟母三迁以及古人常说的进朱者赤，进墨者黑等不都可以说明环境的重要性吗！”但是，在我看却不见得，环境重要这不可否认，但是环境它真的是那么重要吗？在我看来环境只能处于一个辅助，帮助的作用，要想真正的去那进一步有所作为最重要的还是个人。
爱迪生想必大家肯定都听进，一生中有几千项发明专利，可以说是一位妥妥的成功人士了，但谁能想到他小时候家无定所，只能四处流浪呢？再拿大家最近都学过的《我的叔叔于勒》中的于勒来说！在他年轻时就不断的去随便的糟蹋钱去消磨自己，而到了困苦，艰难的时候又继续在船上卖着牡蛎去消磨着自己后半段的人生。
由此可以看来一个只有始终保持着志气，不去消磨自己，不论环境无何对他来说都没有影响。而且志气本来就是一个人的个人的感受，一个环境的影响有多大体现在其中人的变化和感受，如果一个人在一个环境中一点的变化，一点的感觉也没有，可以说这个环境一点影响都没有。
司马迁是我国古代伟大的史学家也是《史记》的作者，从小就勤奋好学，自幼就饱读群书，立志要继承父亲的遗志撰写史书。但是中途却不幸惨遭入狱，遭受酷刑，受尽了折磨，但是他并没有放弃，反而发愤过，耗费了十几年的时光，最终成了写出了不朽的历史巨著《史记》如果一个人在舒适的环境中不磨自己志气，那么即使是在困境中也同样不会消磨自己的志气，反而会变得更加坚持，奋进，从而不断的去成就自己，去创造自己，所以环境真的重要吗？",2
2933,《青春赛道》,"“青看不是用来挥霍的”我一直坚信着这句话。
但我却一直只是心中想，身不动。“叮零零，快起床”随着父亲的催促声不断，我只好无奈的从床上爬起。我就是这样，一直被推着走。自己却毫无奋斗之意。直至今日…...记忆的弘被拉回到今日，太阳高悬于天上，窗外蝉儿瘫坐在树枝上，也不再歌唱，杨花也早已落尽。早无子规来啼。没错今日又是去参加朗诵补习的一天。父亲推着小电驴早早就在楼下等待，我慢悠悠的一步一步向楼下，拖着沉重的身体，我那是100万个不愿意。我还是坐上了小电驴，举着朗诵资料大声的诵读，只有花绿的残影拂过眼帘，恍忽间我注意到父亲的衣服上竟打满了补丁，它们交错相叠、仿佛一座山重重压在父亲的肩上，我不由的细细抚摸着补丁，我问：“你的衣服上怎么会有补丁。”父亲只是侧转回头，淡淡的说了句：“彼方尚有荣光在。”我的内心泛起一丝涟漪，继续大声朗诵着。日复一日，我细心揣磨语气、断句。关键词句。一字一据。我用手勾画着，用心铭记着。无论刮风下雨。或是怎么样的恶劣天气都无法阻挡我去补习班的坚定决心。
陪件我的是路两侧的花儿和绿树和衣服上满是补丁的父亲…..我想，这就是我要走的路，路上的阻挡我前进的红绿灯也能让我多读多洞诵。成为我前进路上的奠脚石。也许贪睡并不是过错，奋斗才是王道。
我日夜不分，下负决心拿到朗诵大奖。果然功夫不负有心人。“恭喜你拿到大奖”爸爸欣慰的望着我。
难道通往补习班的路是我的青春赛道吗？不。其实奋斗才是根本。奋斗才是真正的王道，不负青春韶华，一起向未来吧！
“彼方尚有荣光在”选好青春赛道努力拼搏，走好自己的路。别选好走的路。
一年又一年，杨花在窗外早已飘香。",1
2071,藏在书本里的爱,"在生命的每一个节点上，都有我们难忘的瞬间，它们有的充满欢声笑语，也有的充满泪水，有的令我们忍俊不禁，也有的教会了我们人生哲理.。。。。。。
我的父亲是一个忙碌的人，他身材偏胖，戴着一副使他看起来文雅而又智慧的眼镜，他本身也是个聪明的人。因而使我无比钦佩。他经常要出差，近三分之一年都在外地度过，其至有时过年过节都不能回到家。
那个寒假的一天下年，天空呈灰黑色，雨仿佛要从天空中一涌而下，但等了许久：天空还是没有变化。
或许是因为恶魔——寒风的将在整个街道上少有几辆车或几个人经过，只听见：树枝碰撞摩擦的声音，如同恶魔的脚步声，快速移动的乌云，仿佛恶魔的坐骑，而迎面冲来的刀刺般巨风，恶魔的利爪。
我站在窗前，很是失望。正值春节，父亲又已离开南京了.那整个下午，我都在抑郁与难过中度过。
傍晚的时候，我上完课站在路旁，等待家长来接，我早已料到是母亲来接我，正当我这样以为时,我瞪大了双眼，坐在汽车里驾驶的竞是先前说己经去出差的父亲。。。。。。
我寻问父亲：“你不是说好去出差的吗？怎么又来接我了。”父亲说：“我记错了时间，应该是明天再走。”突然，他打开车门，说母亲让他为我买本书。便让我待在有热空调的车了，匆匆的就去买了。
还没过去一分钟，雨竟下了起来，伴随的也是我的忧愁——父亲没有带伞！
可父亲却冒着风雨从书店门口冲了过来，他弯着腰，用略胖的身躯护住书本，仿佛在与风雨作斗争。
我的心头一颤，鼻子一酸，泪水随即夺眶而出。。。。。。
那一次，我体会到了，藏在书本中的爱。",0
2010,读《假如给我三天光明》有感,"也许世界是不公的，但世界又是公平的。《假如给我三天光明》的作者海伦·凯勒用了此书就叙述了她公平又不公平的一生。：“不错，我的确又盲又聋，可我是如此幸运，出生在一个物质上还算宽裕，能给我请得起家庭教师的，和谐幸福的家庭。另一个幸运的是，我拥有一个勇于自我牺牲，俯首甘为孺子牛的恩师莎莉文。唯有遇到了这一切，我的努力才奏效，我才能走进剑桥和哈佛，才有了今天。...环境和命运固然不是，但不管怎么样，人类生来就是要跟这些做斗争的。”海伦·凯勒没有因身体上的缺陷而抱怨不公，而是感恩她所遇到的一切。正因为她的努力，让她从黑暗中看见了曙光，从公平的世界里闪闪发光，是她的努力，她的执着，让自己看见了希望。也许她和他人与众不同，但她仍努力地与无尽的黑暗作斗争，是因为父母的爱，老师的爱给予了她动力。
那么身为当下健康的我们呢？是否也能像海伦·凯勒那样勇敢地直面现实，努力为自己而奋斗呢？正像海伦·凯勒所说，也许生来的环境，命运并非那么好。但只要人的心中有着坚定信念，有着超越命运的信念，即便故事的结尾已注定是badending。但自己努力过了，已经无悔地向梦想奔赴而去了。至少自己已经努力了，自己并不后悔。这对于生命的意义来说，已挣脱了生来的枷锁，“我努力过，我无悔。”从古至今，没有哪个闻名举世的名人是凭机会登上神坛的，这始终都是自己有能力挣得的舞台下的聚光灯。没有谁的生活会一帆风顺，但无论何时都要充满希望，努力成就自己独一无二的梦想。
也许这世界并不如童话世界那般都是圆满的结局，但这世界仍要有光。",1
2946,金陵美食,"在科技发达的现代，一座座高楼，现代公园分布在六朝古都南京。昔日的石头城多了一种新的风采。但这城市中保留的除了古代文化建筑，更有藏在每个人心中对秦淮美食的记忆。
鸭，是南京们美食的“镇城之宝”。在我家附近，有一家鸭血粉丝汤店，不大，每次去时都座满了人。透过一层薄薄的白烟，便可以看见制作这种美食的全过程：一个大漏勺，装着粉丝，挂在一口大汤锅的内侧，再在一个大锅内装上鸭血、鸭肝、鸭肠、油豆腐果等事先备好的原料，盛入烧好的粉丝，最后舀几勺用鸭子炖出的高汤，撒上蒜花，整个过程连2分钟都不要，却让人被Q弹的鸭血，晶莹的粉丝，碧绿的蒜花和鲜香的高汤所吸引。
随着鸭血粉丝汤在我味蕾的绽开，我不禁想起在南京秦淮河畔这个有众多美食的地方，鸭血粉丝汤的脱颖而出，没有像汤包一样的复杂工艺和手法，也不像盐水鸭，烤鸭一样有大块的肉，配料。那么这种美食是怎样异军突起而令天下食客食欲大振的呢？根据店主和妈妈的介绍，我明白了鸭血粉丝汤的来历：清代民间的一户人家，在烧粉丝时不小心染上了鸭血，却发现烧出的汤十分可口，不久，乾隆皇帝微服询访民情，那户人家也用同样的方式烹饪了一碗鸭血粉丝汤，备受好评，乾隆回宫后，命御厨在他的基础上改良了一份，多放了鸭肠，鸭肝，香菜等原料，就有了现在的鸭血粉丝汤。这种美食的发现，十分偶然，但是在渊源不断的美食火车中，它成为了南京秦淮这一站最美的风景。
一碗食尽，唇齿留香，谈笑风生，秦淮美食美名扬！一桌，一碗，一食客，似欲把人拉回前朝的京城，感受秦淮的淳厚文化。",2
4270,“云”游黄果树瀑布,"大家好，我是此次的阳光小导游新新，今天由我带领大家游览贵州的黄果树瀑布。
黄果树瀑布景区内以黄果树大瀑布为中心，分布着雄、奇、险等风格各异的大小18个瀑布，形成一个庞大的瀑布“家族群”，被吉尼斯总部评为世界最大的瀑布群，列入吉尼斯世界纪录。黄果树瀑布是瀑布群中最为壮观的瀑布，是世界上唯一可以从上、下、前、后、左、右六个方位观赏以及是世界上有水帘洞贯通的瀑布，大家可以等到了那里在洞内外听、观黄果树瀑布。
现在，我们一起去观赏闻名假迩的黄果树瀑布吧。还未见到瀑布，“哗哗”的水流声便传入耳中。眼前的黄果树瀑布高68米，宽83米，瀑布如黄河倒倾，峭壁震颤，谷底轰雷，十里开外，也能听到它的咆哮。7月是黄果树瀑布的丰水期，呈现在我们眼前的瀑布是一年当中最壮丽的，最雄伟的。唐代大诗人李白在《望庐山瀑布》中写道“飞流直下三千尺，疑是银河落九天。”然而黄果树瀑布更胜一筹。走近了你会看见一股股诺大的水流从瀑布口直流而下，冲击着刚刚平静下来的水面，形成一阵阵波浪，撞击着河岸凹凸不平的礁石，激起洁白的浪花，击打着对面山坡上的花草树木，将树木冲击的摇摇晃晃，好似那山间的精灵在尽情的舞动。
这个大瀑布最神奇的一处，就是隐藏在大瀑布半腰的崖廊洞穴，由于洞外藤萝攀附，水挂珠帘，故曰“水帘洞”，这是世界其它大瀑布所没有的奇特景观。
现在水帘洞到了，这个水帘洞全长130多米，它由6个洞窗、3个洞泉和6个通道所组成，在我们踏入水帘洞之时，能真正感受、领略到黄果树瀑布这一奇观。根据中国神话故事改编的大型电视连续剧《西游记》中水帘洞一场戏，就是在这里拍摄的。在大瀑布中穿行，仿佛置身仙境，从山洞向外眺望，远处的行人，如同一条在山间慢慢爬行的巨蛇一样，这人、这山、这水，这景使人流连忘返。
今天的“云”旅行就到这里，期待你们的到来！",2
2857,水浒中我最不愿与其为伍,"水浒108汉，个个都是江湖英雄，有的善于用人，有的善于作战，有的善于作法，可还有一些人，没有好汉的气魄。使人厌恶，不愿与之为伍。
其中我最讨厌的便是宋江，这个梁山的领军人物可谓是一点也没有起到带头作用，反倒是个好的演员，与这样的人在一起谋事，实属为难。
有的人或许会认为宋江是十分善良的，当官的时候会将自己的钱财分与百姓，对待自己的父亲更是没得说，同时，他也为人谦虚，会在梁山时常把自己的位置让给其他人，对待兄弟十分仗义，对待一些令人发呕的女性（如阎婆惜）更是丝毫不手软，确实，从以上的事例中，我们不难得出他这个梁山头领似乎还挺好的，“公明哥哥”更是深入人心，使人信服但是，请让我们把思考方向稍微变化一下，他把自己的钱财纷飞百姓的前提是要当官啊，他之所以要在父亲家躲避他人追捕是为了不被抓走呀，他对押送他的人好是因为他想要少一点委屈，如果换作是李逵，所有人都已死在了他的板斧之下，可他是宋江，把名利二字看得太重，“及时雨”这个名号使得他名扬万里，也迫使他无法使李逵、武松那样路见不平拔刀相助。
以上，可以从他对他人的态度反应他的虚伪，那么他对于自己的“兄弟”们呢？
众所周知，宋江时常将自己的主位让给新加入的好汉，可新人们哪里敢真的接受并坐上主位呢？没有一个人会这样做，所以宋江的“让位”只不过是一种形式，可这一种形式都让他赢得了所有人的赞赏，稳固了自己的地位，为他的招安奠定基础，也正是他在梁山鼎盛时期提出了招安，使得人心大乱，这足以体现他的表里不一，反映出他这个人做事目的性太强，也是我不愿与之为伍的原因。
其实宋江这个人物具有两面性，就看你如何解析，在我看来，他的弊远大于利，所以不愿与之为伍。",1
3019,讲点技巧,"“祸从口出”这句话讲得真没什么错。有的人就因为说话而错失了机会，失去了朋友，所以，说话也是要讲点技巧的。
学习方法上要有技巧，画画时要有技巧，为什么说话也需要技巧呢？
因为有人在听。现在正是网络时代，许多人开始在网上跟风，说的话也完成都是复制粘贴别人的。会让听者感到十分无聊。但中国短道速滑队的王濛，她说话十分霸气十分受大家喜爱。她说过她的比赛只能让别人争第二，但只让网友们更加喜爱她，因为她说的有个性，而且凭她的实力说出这样的话也不会有人质疑。所以说话要讲究技巧，不要一味地去学习别人的说话方式，要有个性，但也不能太过于自大，还要求实际。
因为别人在感。有的人说话不分场合，不分时间，根本不去关心别人的感受。例如，现在容貌于体重都变成大家十分注重的事，但有的人却不顾他人感受去诟病人家长得怎么样或带嘲讽语气说你怎么这么胖，完全没站他人角度去考虑别人在听到这种话时，内心会多自卑多无措。所以讲话要讲究技巧，需要多站在别人的角度去考虑自己想说的话是否合适。
因为别人在看。有明星会在网络上通过节目来向大家展示自己的生活，也有人会直播与观众或朋友聊天。就比如短道速滑的两位名将王濛与周洋，二人私下里也是很好的朋友，二人在不久前，直播连线直播中，二人相互怼对方，但却没有一方生气，在这其中不仅仅有二人友谊十分深厚这一原因还有二人说话都十分有分寸，不会给对方难堪，让对方在观众面前丢了面子。所以说话要讲究技巧，不能让对方在别人面前难堪，即使两人关系很好，也要有分寸。
说话讲究技巧不仅为了别人也为了你，你说话若是不好听，别人还会愿意与你交往吗？",1
3229,自信,"中考在即，作为初三的学生。心中的紧张和焦虑是不会少的。这道人生的门槛，过去了就是门，一扇通往成功和光明未来的门。没过去就是槛，没有复读的机会，这就是一道再也无法越过的槛。
上了初三，明显是对成绩更加在意和敏感了。默写没有满分，理科遇到不会的题，这些以往不会多想的小事。都成了怀疑自己的导火索。一天下来，做完作业后总会回想起那些发挥失常，粗心大意的瞬间。信心也随之流失。同为惧悔家长的责备，这些心事只能埋藏于腹中。渐渐地，大家都变得封闭。朋友同学之间也都做不到无所不谈了。
家长为了孩子可谓操碎了心。我妈在这段时间明显加强了对我的关心，也变得更加严厉。每次考试名次有下降都要跟我面对面谈淡。作业只要不是“A+“，在他们脸上就看不到一点喜色，就如同那个网上的笑话，在我家长的眼里”A“是Avenge”B“就是“bad。”在这种环境下，我又怎么可能不焦虑害怕呢？因为害怕。就越不跟家长交流，就越对自己产生怀疑。越爱去想象中考失利的后果，如此一来，这个恶性循环使自信心和学习状态都在下降。
那如何脱离这个恶性循环呢？乐观地思考问题是很必要的。当遇到不顺心的事，便要多在生活中寻找快乐。像是笔掉在地上。却没有摔坏、骑车撞到闯红灯的行人但对方讲理地认错。这些本是生活中不幸的事。换个角度想想却也是一种幸运，善于从正反思考问题，快乐便会不请自来。生活中还有许多不期而遇的温暖，同学暖心地帮自己拿饭。父母贴心地在家准备点心。有时想想，有这么多的人在帮自己。那还有什么理由不去乐观向上地生。活呢？
在这道门槛面前，端正自己的心情态度，乐观地面对。不要丧失自信呦！
所谓门槛，过去了就是门，没过去就成了槛。”“人生路上，总会有不期而遇的温暖和生生不息的希望，不要失去信心哟！”",1
2650,谈毅力,"第二单元观点要明确
夸赞一个人时，我们常用到“有毅力”，的确，有毅力是做成一件事的要诀。
而什么是毅力呢？不外乎就是认准一件事，不放弃，不抱怨，直到完成它。
生活中总会有一群人，完不成任务就嚷嚷“累啊！没力气了！”是，做事哪有不累的？史学家司马光写《资治通鉴》花了19年，居里夫妇在成吨的废渣中提炼放射性元素镭，几年如一日；李时珍寻遍国内草药，亲身实践，终编成《本草纲目》，他们的辛苦哪是常人能想象的？那是常人能比的？正如法国作家说的“世人缺乏的是毅力，而非气力。”
有了毅力成功就离我们不远了。电灯算得上是个成功的发明。我们读书写字，生活办公都离不开它，而它的广泛应用主要归功于爱迪生。爱迪生为改良电灯艰苦奋斗13年，试用6000多材料，试验7000多次。失败便从头再来，直至最后发现了钨丝。倘若他在途中放弃了试验，电灯的出现将晚多少年？他的名字也没法像现在这样名垂青史了吧。小学课文中卧薪尝胆的越王勾践，他成功击败吴国靠的不也正是年复一年，日复一日坚持训练自身和军队。所以，毅力对于一个向往成功的人是十分重要的，杨根思说过“就是有九十九个困难，只要有一个坚强的意志就不困难。”
想要有毅力其实并不困难。第一，确立一个明确的目标，知道自己劲该往哪使，这样才不会迷失方向，被迫放弃；第二，下定决心，好比把生死押上，不成功不罢休；第三，也是最重要的一点，付诸行动，巴尔扎克说“想升高，有两样东西，那就是必须作鹰，或者作爬行动物。”说的就是，不论你的天赋如何，不论你用什么方式，只要脚踏实地，行动起来，就一定有所收获。做到以上三点，毅力就来到你身边了。
“宝剑锋从磨砺出，梅花香自苦寒来。”希望和我一样向往成功的你们能记住，毅力就是我们成功路上的奠基石。",2
3169,当以肯定为底色,"夏日漱石曾在给他人回信时这样说:“对于自己，自我赞许，使人长进。”或许他人的肯定会让一个人渴望成为善人，而自身的肯定会使一个人真正地成为善人。由此，每个个体当以肯定为底色去描绘生活。
当以肯定为底色，倾听自己为暗色。这可能不那么显现于表面，但不可缺少。今有邓稼先，面对美国的优越条件和强制手段，坚决选择倾听自己的声音，而没有被环绕的杂音干扰，最终成功归国；古有陶渊明在出世与入世之间遵从内心，终成“心远地自偏”的生话境界。就像为什么现代人喜欢听海、去荒林旷野，寻大漠孤烟，是因为在过些无人之境能摒弃一些外物；去真正地感受，思考，倾听自己。
当以肯定为底色，随心而行为灰色。行为是一个中间的过渡部分，同样也可能是最漫长的部分。解释一下，自我赞许，从心所欲，并不意味着打破规则，而是一种“不逾矩”式自由。林清玄在一次演讲中说自己童年发誓一定要去埃及转一圈，而他的父亲却以命担保他不行，并为他在生火中想他事打了他。林清玄肯定自己想法，所以他最终到达了换及。丰子恺也曾被儿子这样记录：不喜欢盆巾花，却喜山间木；不喜欢笼中鸟，而好天穹禽；不喜欢台上戏，但爱途中话。”人生自在“，即随心而行，肯定自己所认为的“价值”便是价值。
当以肯定为底色，坦然接受为亮色。结果往往最能动摇人心，大起大落不过就在一瞬。肯定自己，肯定自己的所做所为，不疑虑，常反思，此为正解。伦敦奥组委的一位官员曾说：“体育教会孩子们如何体面并且有尊严地输。”其实这一点在冬奥会上有很大的体现。花滑选手羽生结弦挑战4A失败，赛后受到了许多质疑。而他坦然接受了这上万分之一次的失败，表明会坚持尝试，挑战极限。
肯定个体，内化为精神的富足强大，外化为交流的自信体面，请相信自己的优秀，以此不断打磨自身，终能""长风破浪，所向披靡“。",2
2503,不该丢失的纯朴,"在现在这个快速发展的时代，几乎每个城市中心的人都在忙于工作和学习。在这个不进步就会被淘汰的时代，我们许多人都少了一份质朴与纯真。
去年放假的时候，爷爷奶奶带我来到了爷爷的姐姐——姑奶奶的家。是农村的一个两层楼的小房子，旁边有池塘，菜地还有果园。
爷爷开车带着我和奶奶来到了姑奶家。刚到村口，就看见姑奶迎着向我们招手，让我体会到了他们的热情。
走进村子里，我有一种进入了世外桃源的感觉，和我之前对农村的映像全然不同。这里面很干净，池塘里的荷花全开了，菜地里的蔬菜和果园里各种各样当季的水果，别有一番不同的感觉。在到姑奶家的几条小道上，我看到有许多孩子在道旁嬉戏，打闹，很是欢乐。在大城市里也总是很向往这样和许多孩子一起玩的场景。一路上有许多的街访邻居和我们打招呼，这让我感受到了他们的纯朴。
到姑奶家之后，见到了姑爷爷，他从冰箱里拿出了当天给我们冰的新鲜的水果。坐在屋子里，看着外面自然的景象，体会出了与大城市完全不同的感觉。
姑爷爷说，带着我和爷爷去村里转转。刚走出去，我们就看到了开满荷花的池塘，粉红色的荷花在夏天中格外养眼。走到旁边，就看到了好大一片菜地，这里是他们每年都会种的蔬菜，每家的地里种几样，等成熟后，他们总会几家的菜换着吃。往左看就是果园了，里面有不同的果树，有许多还是我不认识的。在夏天时，姑爷爷说随手拿一个果子准是甜的，于是我随手摘了一个，果真，清凉又解渴。
我们边走边聊天，享受着夏天的大自然，这时从我们头顶飞过几只小鸟，我们看着它们飞往了家的方向，于是就顺着它们的方向看去，它们在那个屋顶上筑巢呀！问了姑爷爷才知道，原来是因为前几天下了大暴雨，鸟儿们的巢全被冲坏了，所以这几天才要开始做新的窝儿。
看着鸟儿那样可爱，坚持不懈的样子，又看到了那些孩子玩得开心的样子。我看到了他们的纯朴，善良，单纯，这是在我们生活的大城市里很难得的单纯。
在大城市里我们每天在忙碌着，忘记了许多我们原本的样子，这正是我们不该丢失的纯朴与单纯。",1
2798,从心所欲不逾矩,"老师给的巧克力，有同学担心违反校规，藏起内心的需求，委婉拒绝；有的同学欣然接下，大快朵颐，却违反了校规。
两种做法都有不妥之处：前者违背了自己的内心。后者破坏了规则。何以应对如此局面？我认为最好不过“从心所欲不逾矩”。
从心即为遵从本心、初心、目的。追求自由矩即为规矩、规则。它包含对一切的约束：道德、法律、纪律……要运用“从心所欲不逾矩”的智慧，两者缺一不可。
不逾矩是从心所欲的前提。一切事物都有它必须遵守的矩：人不能背弃道德，更不能违法；国家发展不能以大肆破坏环境为代价，也不能漠视自身发展规律；文化的传承必须坚持“取其精华，去其糟粕”，封建陋习就应当抛弃；艺术应给人带来美感，带来思考……不逾矩并不为了限制从心所欲。恰恰相反，它保护了从心所欲，保证万物不超过从心的边界。举个夸张的例子：在一个可以随意伤害他人且不受罚的世界，你连基本的生命权都保证不了，何谈其“从心”呢？所以说，不逾矩是从心的前提。
可不逾矩是远远不够的。正如安屠生所言：“人生要多一些阳光，雨露和花儿的芬芳”。世界不仅要井然有序，也要绚丽多彩。要在矩中展现生命的精彩。
五柳先生陶渊明不为五斗米折腰，超然脱俗，悠然自得，在不如己意的世界创造了自己精神的桃花源；我国实行社会主义市场经济体制，市场分配资源，政府宏观调控，允许企业、经济在可控下自由发展，助力中国复兴；京歌绵长、动心文创都是文化传承，方式多样从心所欲，但都在“精华”之内；《星空》笔法奇丽，想象浪漫，美得动人心弦……可见，从心的方式、高度赋予了“不逾矩”价值。从心决定了我们戴上脚镣后是呆若木鸡还是翩翩起舞。而从心也必须在矩之内，否则一切从心，实则违背了最基本的规则之心。
“矩”是人生中圈好的一围花圃，我们应在其中遵循内心，用心爱的花草装点花圃，装点自己的人生。从心所欲不逾矩，收获人生的春华秋实。",2
2390,书香，伴我成长,"在如今，阅读已经是每个人都必须的，书中的各式各样的知识等着我们去发掘。
中国有一句古话，书中自有黄金屋，书中自有颜如王，书中有无数的宝藏，有时会让人感叹世态炎凉，有时会让人欣喜若狂，有时又会让人豁然开朗，更有时会让人感到惋惜。有一次，我看一本漫画，说的是七个人共同对抗魔神，其中的一个人因身体超负荷而不能继续使用力量，可他最却以燃烧生命为代价，暂时换取力量，就是为了和同伴一起战斗，最后，魔神被打败了，可他也永远地离开了这世间。看到这里，我的眼睛里充满了泪滴，不禁感叹，这是能为朋友而付出生命的，他们有这么一个朋友，真是三生有幸。
每每看到这种情节，我的情绪波动就非常之大，这都是书本带给我们的。可又会有人说了，他就是对书不感兴趣，这是为啥？我觉得他是没有看到到自己喜欢看的，像男生一般喜欢军事啦，冒险啦，博览群书，总有一本你喜欢的。
同时，书本的选择也是很重要的，我有一个朋友，他就是只看冒险类的，而且一看就是两三个小时，不仅学习差了，书也被他妈没收了，可见书也要看一些对学习有帮助的，像冒险类的书只能是兴趣。
阅读还能充实你的知识，当你登上了泰山，有人会说啊，真美，而你会说，会当凌绝顶，一览众山小，这感是不是立马就不一样了？当你去了庐山，别人会说这山真高啊，而你会说，横看成岭侧成峰，远近高低各不同，是不是听上去就高大上不少。
可见啊，阅读带给人的不仅是知识，还有很多乐趣，激动……书中还有很多的宝藏等待你去发掘，快去阅读吧。",1
3319,影响,"中国有句俗话“近朱者赤，近墨者黑”这句话是什么意思呢？有人说这句话在讲环境对人成长的影响。而我却不那么认为，我的理解是：与好同学或者聪明的人玩，你的成绩也会变好；与差同学或者不聪明的人玩，你的成绩也会变差。这样理解，也没错吧！
从小到大，家长都会说：“你不要跟这个人玩，他成绩差，你跟他在一起玩，也会变差变笨，你要跟好同学在一起玩。”这么一想，家长说的话也不无道理。
记得一部电视剧上有这么一段片段：一位学习成绩很好，在班上排名第一的女同学，在外面认识了一个不学无术、混社会的朋友，这个朋友她会喝酒、抽烟。......她这个朋友会教她之前不敢做的事，渐渐地，她们变成了最亲近的伙伴，这位女同学慢慢学会逃课、喝酒、穿着放荡、会讲脏话，成绩变得一落千丈，从前的第一沦落到倒数第一。一次，她在外面玩，遇到了她喜欢的男同学，男同学见她变得这幅模样，劝她好好学习，不要影响其他同学，可能是这句话刺激到了她，她心里很不爽，心爱的男人说她不好，她心生怨恨，掏出一把小刀对着他，这位男同学不以为然，还说她不敢。这位女同学一气之下就捅了那个男同学。男同学进医院了，这位女孩也进了监狱。这么一看，现实中不也有这样的事例，家长的话也没有错，朋友，伙伴对人成长也有影响。
在人一天中大多是学习或工作，在学校或者公司待的时间都超过十个小时，一星期下去，你工作的时间就是三四天，甚至更多，你在学校会见到同学，在公司会见到同事，大多都是这样，你接触最多的不是家长而是同学或同事，这些可都是朋友或伙伴。你的一些举止可能来自朋友的影响，甚至发生巨大的改变，那你能说朋友、伙伴对人成长没有影响吗？那应该不可能，事实都摆在眼前了。朋友、伙伴对人成长确实有影响。",2
2912,水浒108好汉是真英雄吗,"话说嘉祐三年上春间，天下瘟疫盛行，自江南直两京，无一处人民不染此症，正因此事，天子专要祈祷，禳谢瘟疫。于是三十六员天罡星下临凡世，七十二座地煞星降在人间，哄动宋国乾坤，闹遍赵家社稷。正是“水浒寨中屯节侠，梁山泊内聚英雄”。
虽施老将梁山泊内好汉称作“英雄”，可是并不是所有人都称得上英雄二字的。
108好汉可划分成3层，第一层为真英雄，这一层的典型人物就是花和尚鲁智深。他疾恶如仇，侠肝义胆，勇猛鲁莽但粗中有细。比如，他路见不平，凑银子给受镇关西欺霸的金氏父女，并安排他们逃离，后使计戏弄郑屠，在打斗中不慎将其打死，为逃避官司在五台山出家，改名智深。有诗道：（鲁达）禅杖打开危险路，戒刀杀尽不平人。”鲁达的武艺是为杀天下恶人，有此格局，绝对称的上是“真英雄”。
第二层为好汉，这一层的人多仗义疏财，敢作敢当，例如武松，他遭到蒋门神、张团练与张都监的暗算，大闹飞云浦，血溅鸳鸯楼，杀死了蒋门神等人，足以看出他的血性，但与此同时，他不仅杀了一些恶人，还杀了许多无辜的人，比如两个女使和两个丫嬛，这两人只是在厨房撞见武松就被杀死。由此看来，“真英雄”是不会滥杀无辜的，而武松，算不得“真英雄”。
梁山的大多数都处于第三层，第三层的人不管善恶，只要有利益冲突，就会与其打斗甚至将其杀死。比如李逵，李逵为助梁山赚朱仝上山，杀死本应由朱仝照看的小衙内，逼朱仝无路可走而上梁山，小衙内的死状也十分惨烈，李逵将其从脑袋劈成两半，小衙内什么事都没有做错，甚至他们家还帮助了朱仝，足以见得李逵的残忍。当然，也不可否认李逵的忠诚与孝顺。
由此可见，水浒108好汉不全是真英雄，但他们几乎人人都有的“忠义”二字却是值得我们学习的。",1
1950,登紫金山 ,"表妹，听说你要来南京玩，我很高兴。下面我来介绍一下我去紫金山的经历。
期末考试完后的一个周末，我们决定去紫金山上游览。早上七点半出发，不到30分钟就抵达了天文台路。
这路十分曲折，据说有十八个弯。我们在向上走的过程中，一辆辆汽车飞驰而过，里面坐的都是山下包车的游客。我一开始很羡慕他们，但转念一想，我们可以自由地欣赏路旁的风景，而他们不行——他们要使自己花的钱物有所值。
一路上美丽的景色令人应接不暇。向下看去，树林密密麻麻，树叶的颜色形成了由绿到青的渐变；向上看去，五彩斑斓的鲜花开满了山坡，像是一道道彩虹。路旁不乏有一些卖水、卖黄瓜的小商贩，他们从山下把这些东西火急火燎地运上来，而自己却忘了喝一口水、吃一根黄瓜。
临近中午，我们才慢吞吞地走到天文台，此时人们早已向更高的地方走去。我在个亭子里向对面的山腰眺望，看到远处的缆车正在运作，一厢一厢的人被慢慢送上山顶。他们是来爬山的，可如今却直接到达了目的地，缺少了中间爬山的过程与乐趣。这还能叫爬山吗？
休息了一会，我们从陨石博物馆里出来，沿着小路向头驼岭走去。这路上的样子好像换了个山似的，橙色与绿色的树叶交织在一起，山上的竹子被风吹地沙沙作响，几乎没有阳光透过来。地上到处都是一种名叫蚂陆的千足虫，它们或佁然不动，或往来翕忽，似与游客相乐“可爱”极了。
由于某些原因，我们没再继续向上，从山后的小路径直下山去了。现在回想起那次经历，感觉有点激动又有点遗憾。",0
2936,激发兴趣的人,"有人说”做事情，要做自己感兴趣的。“有人说""许多事，你只要做起来，才可能慢慢感兴趣。”但我认为遇到能激发兴趣的人更为重要。
一个能激发你兴趣的人，也许并不出名，也许并没有雄厚的实力。但他总能勾起你对万物的兴趣，为你提供宝贵的意见。
在我还在上小学的时候，我遇到了这样一个人。这样一个和蔼可亲，有耐心的人。那时的我对绘画还丝毫不感兴趣，甚至可以说有点厌烦。直到后来班上转来了一个新的语文老师，它是一个男老师，讲课很幽默风趣，有时在讲新课的时候，手上还会情不自禁的拿起粉笔，配上庄园的插图，虽然插图并不能说是完美无暇，但总能使我陶醉于其中。
从此，我便对绘画产生了兴趣。
有一次，他在跟我分析文章情景的时候，掏出了随身携带的草稿本。又或者说一个专门用来作画的图画本。本子上的每一页都是他教导学生时画的插图，当然他也为我画了一幅简单的画，并以此讲解题目，讲解完后，我还是捺不住好奇心，把那本画本要来欣赏了一番。我问他：“老师，你为什么每次上课的时候都要边讲边配几幅插画呢？”老师露出那太阳般温暖的笑容说：“其实老师以前上学时最大的兴趣就是绘画，每次绘画总能给我不一样的灵感。现如今我把我的爱好带到了课堂上来，绘画不仅帮助学生更好地理解文本，同时也能将我的爱好延续下去。”从此我更加感兴趣了，不仅是对这个老师，更是对绘画。
自那以后，我在空闲时间时不再看电视，而是时不时拿出画本，将我的灵感画在上面。
有时候，兴趣不是自己发展出来的，更是别人引导出来的。兴趣的发展对人们的各方面发展都有着深远的影响，而遇到一个能激发你兴趣的人更是重中之重。",1
2085,参观兵马俑,"中华民族的历史长河滚滚不息，流过了五千年的漫长当月，见证了华夏文明的璀璨瑰丽，也记录了无数王朝的更迭兴衰。走进历史的长河，我看见了那间名中外的西安兵马俑。
小学毕业那天，我有幸亲眼见证了兵马俑这一令人震撼的历史瑰宝。一号坑是所有已发倔的兵马俑坑中最大的一个。走进一号坑，一股潮湿的泥土气息扑面而来，眼前豁出现了一个土棕色的大坑。远远望去，只见数以千计的兵马俑一个个排列整齐，神态各异。他们或半跪，或站立，或手持弓弩，或身骑骏马，或双目园瞪，或面带微笑，栩栩如生，令人忍不住叹为观止。
走上前去，一个跪射角吸引了许多人的目光。“这尊跪射角的高一点二米，是众多陶俑中保存的最为完整的，也是唯一未经人工修复的一尊陶俑……”导游介绍着。这尊跪射俑左腿微曲，右腿跪地，上身微微前倾，神态威严，庄严肃穆。他的右手呈握拳状，仿佛正握着弓箭，让人忍不住想象：角声漫夭，如血般红的斜阳映照在大地上，为这战场洒上了几分落日的余晖。在激烈的战场上，将士们在做鲜血柴红的大地上奋力战斗着。负责射击的士兵瞄准了敌人，拉开弓弩，一声令下，向敌人发起了猛烈的进攻……顺着大坑继续向前参观，骑兵俑，步兵俑，车兵俑……一个个兵马俑神态各异，让人看着看着就出了神。这些兵马俑雕刻细致，衣着服饰，五官表情，乃至他们的缕缕发丝都能看得清，让人忍不住为中华文明的璀璨所震撼。
泱泱大国，巍巍华夏。在中华民族的历史长河中，兵马俑只是其中的一朵晶莹浪花。无数朵浪花汇聚在一起，才有了今天华夏文明的繁荣昌盛。身为中学生的我们，应当传承中华文明，发扬中华文明，让中华文明的长河继续滚滚流淌！",2
